horizon_s,alpha,test,calib,n_calib_units,floor_1_over_n_plus_1,feasible,threshold,alarm_rate,realised_miss_rate_rows,mean_unit_loss,units_with_loss_le_alpha,n_events_test,feasible_events,threshold_events,alarm_rate_events,realised_miss_rate_events,mean_unit_loss_events,unresolvable_event_share,unresolvable_event_share_calib
1.0,0.05,10 Sept (urban arterial),12 Sept (urban loop),8,0.1111111111111111,False,-inf,1.0,0.0,0.0,1.0,287,False,-inf,,,,0.33797909407665505,0.46551724137931033
1.0,0.1,10 Sept (urban arterial),12 Sept (urban loop),8,0.1111111111111111,False,-inf,1.0,0.0,0.0,1.0,287,False,-inf,,,,0.33797909407665505,0.46551724137931033
1.0,0.15,10 Sept (urban arterial),12 Sept (urban loop),8,0.1111111111111111,True,0.008,0.647842056932966,0.09340659340659341,0.10750785162549867,0.7333333333333333,287,False,-inf,,,,0.33797909407665505,0.46551724137931033
1.0,0.2,10 Sept (urban arterial),12 Sept (urban loop),8,0.1111111111111111,True,0.01,0.6101928374655647,0.11538461538461539,0.12504053136406076,0.7333333333333333,287,False,-inf,,,,0.33797909407665505,0.46551724137931033
1.0,0.3,10 Sept (urban arterial),12 Sept (urban loop),8,0.1111111111111111,True,0.025,0.4256198347107438,0.25824175824175827,0.2597706052117817,0.7333333333333333,287,False,-inf,,,,0.33797909407665505,0.46551724137931033
3.0,0.05,10 Sept (urban arterial),12 Sept (urban loop),8,0.1111111111111111,False,-inf,1.0,0.0,0.0,1.0,288,False,-inf,,,,0.12152777777777778,0.16666666666666666
3.0,0.1,10 Sept (urban arterial),12 Sept (urban loop),8,0.1111111111111111,False,-inf,1.0,0.0,0.0,1.0,288,False,-inf,,,,0.12152777777777778,0.16666666666666666
3.0,0.15,10 Sept (urban arterial),12 Sept (urban loop),8,0.1111111111111111,True,0.024,0.7644628099173554,0.049783549783549784,0.05666132697286922,0.9333333333333333,288,False,-inf,,,,0.12152777777777778,0.16666666666666666
3.0,0.2,10 Sept (urban arterial),12 Sept (urban loop),8,0.1111111111111111,True,0.043000000000000003,0.6721763085399449,0.10606060606060606,0.11433900040976205,0.9333333333333333,288,False,-inf,,,,0.12152777777777778,0.16666666666666666
3.0,0.3,10 Sept (urban arterial),12 Sept (urban loop),8,0.1111111111111111,True,0.091,0.5206611570247934,0.21861471861471862,0.2242309740216042,0.7333333333333333,288,True,0.061,0.5932047750229569,0.1875,0.19109067509811214,0.12152777777777778,0.16666666666666666
1.0,0.05,10 Sept (urban arterial),13 Sept (dense urban),20,0.047619047619047616,True,0.0,1.0,0.0,0.0,1.0,287,False,-inf,,,,0.33797909407665505,0.30976430976430974
1.0,0.1,10 Sept (urban arterial),13 Sept (dense urban),20,0.047619047619047616,True,0.0,1.0,0.0,0.0,1.0,287,False,-inf,,,,0.33797909407665505,0.30976430976430974
1.0,0.15,10 Sept (urban arterial),13 Sept (dense urban),20,0.047619047619047616,True,0.001,0.8044077134986226,0.038461538461538464,0.033705330617095325,1.0,287,False,-inf,,,,0.33797909407665505,0.30976430976430974
1.0,0.2,10 Sept (urban arterial),13 Sept (dense urban),20,0.047619047619047616,True,0.002,0.6831955922865014,0.07692307692307693,0.0707548170783465,0.9333333333333333,287,False,-inf,,,,0.33797909407665505,0.30976430976430974
1.0,0.3,10 Sept (urban arterial),13 Sept (dense urban),20,0.047619047619047616,True,0.004,0.5633608815426997,0.15934065934065933,0.149200195229607,0.9333333333333333,287,True,0.0,1.0,0.33797909407665505,0.2839010699740013,0.33797909407665505,0.30976430976430974
3.0,0.05,10 Sept (urban arterial),13 Sept (dense urban),20,0.047619047619047616,True,0.0,1.0,0.0,0.0,1.0,288,False,-inf,,,,0.12152777777777778,0.10101010101010101
3.0,0.1,10 Sept (urban arterial),13 Sept (dense urban),20,0.047619047619047616,True,0.003,0.8939393939393939,0.01948051948051948,0.015217245090126447,0.9333333333333333,288,False,-inf,,,,0.12152777777777778,0.10101010101010101
3.0,0.15,10 Sept (urban arterial),13 Sept (dense urban),20,0.047619047619047616,True,0.007,0.8099173553719008,0.05844155844155844,0.04901472480373708,0.9333333333333333,288,True,0.006,0.8342516069788797,0.1284722222222222,0.09548423791558802,0.12152777777777778,0.10101010101010101
3.0,0.2,10 Sept (urban arterial),13 Sept (dense urban),20,0.047619047619047616,True,0.013000000000000001,0.7144168962350781,0.1038961038961039,0.09766406835461446,0.8666666666666667,288,True,0.019,0.6469237832874196,0.18055555555555555,0.14898430548888214,0.12152777777777778,0.10101010101010101
3.0,0.3,10 Sept (urban arterial),13 Sept (dense urban),20,0.047619047619047616,True,0.025,0.5987144168962351,0.1774891774891775,0.17712697931493812,0.8666666666666667,288,True,0.034,0.5440771349862259,0.22569444444444445,0.20755370563436923,0.12152777777777778,0.10101010101010101
1.0,0.05,10 Sept (urban arterial),15 Sept (highway),14,0.06666666666666667,False,-inf,1.0,0.0,0.0,1.0,287,False,-inf,,,,0.33797909407665505,0.3446327683615819
1.0,0.1,10 Sept (urban arterial),15 Sept (highway),14,0.06666666666666667,True,0.004,0.743801652892562,0.038461538461538464,0.04570028011204482,0.7333333333333333,287,False,-inf,,,,0.33797909407665505,0.3446327683615819
1.0,0.15,10 Sept (urban arterial),15 Sept (highway),14,0.06666666666666667,True,0.013000000000000001,0.5436179981634527,0.15384615384615385,0.15891159494100668,0.6,287,False,-inf,,,,0.33797909407665505,0.3446327683615819
1.0,0.2,10 Sept (urban arterial),15 Sept (highway),14,0.06666666666666667,True,0.026000000000000002,0.4123048668503214,0.2692307692307692,0.2759680842033783,0.26666666666666666,287,False,-inf,,,,0.33797909407665505,0.3446327683615819
1.0,0.3,10 Sept (urban arterial),15 Sept (highway),14,0.06666666666666667,True,0.04,0.34205693296602385,0.32967032967032966,0.32996201510907397,0.6666666666666666,287,False,-inf,,,,0.33797909407665505,0.3446327683615819
3.0,0.05,10 Sept (urban arterial),15 Sept (highway),14,0.06666666666666667,False,-inf,1.0,0.0,0.0,1.0,288,False,-inf,,,,0.12152777777777778,0.0903954802259887
3.0,0.1,10 Sept (urban arterial),15 Sept (highway),14,0.06666666666666667,True,0.025,0.763544536271809,0.049783549783549784,0.06419933758567561,0.8666666666666667,288,False,-inf,,,,0.12152777777777778,0.0903954802259887
3.0,0.15,10 Sept (urban arterial),15 Sept (highway),14,0.06666666666666667,True,0.057,0.6377410468319559,0.15151515151515152,0.15755320329578,0.4666666666666667,288,True,0.025,0.763544536271809,0.13541666666666666,0.12713654239397948,0.12152777777777778,0.0903954802259887
3.0,0.2,10 Sept (urban arterial),15 Sept (highway),14,0.06666666666666667,True,0.123,0.48484848484848486,0.2619047619047619,0.2689621753655054,0.3333333333333333,288,True,0.123,0.48484848484848486,0.25,0.2618621678232662,0.12152777777777778,0.0903954802259887
3.0,0.3,10 Sept (urban arterial),15 Sept (highway),14,0.06666666666666667,True,0.243,0.35215794306703396,0.3852813852813853,0.382653647978091,0.26666666666666666,288,True,0.248,0.349862258953168,0.3402777777777778,0.35068359794904425,0.12152777777777778,0.0903954802259887
1.0,0.05,12 Sept (urban loop),10 Sept (urban arterial),15,0.0625,False,-inf,1.0,0.0,0.0,1.0,174,False,-inf,,,,0.46551724137931033,0.33797909407665505
1.0,0.1,12 Sept (urban loop),10 Sept (urban arterial),15,0.0625,True,0.003,0.7931034482758621,0.0,0.0,1.0,174,False,-inf,,,,0.46551724137931033,0.33797909407665505
1.0,0.15,12 Sept (urban loop),10 Sept (urban arterial),15,0.0625,True,0.007,0.6454465075154731,0.011111111111111112,0.013888888888888888,1.0,174,False,-inf,,,,0.46551724137931033,0.33797909407665505
1.0,0.2,12 Sept (urban loop),10 Sept (urban arterial),15,0.0625,True,0.012,0.5234305923961097,0.12222222222222222,0.14027777777777778,0.75,174,False,-inf,,,,0.46551724137931033,0.33797909407665505
1.0,0.3,12 Sept (urban loop),10 Sept (urban arterial),15,0.0625,True,0.024,0.3819628647214854,0.17777777777777778,0.1867979242979243,0.875,174,False,-inf,,,,0.46551724137931033,0.33797909407665505
3.0,0.05,12 Sept (urban loop),10 Sept (urban arterial),15,0.0625,False,-inf,1.0,0.0,0.0,1.0,174,False,-inf,,,,0.16666666666666666,0.12152777777777778
3.0,0.1,12 Sept (urban loop),10 Sept (urban arterial),15,0.0625,True,0.016,0.8205128205128205,0.022123893805309734,0.025838206627680313,1.0,174,False,-inf,,,,0.16666666666666666,0.12152777777777778
3.0,0.15,12 Sept (urban loop),10 Sept (urban arterial),15,0.0625,True,0.033,0.6905393457117595,0.06637168141592921,0.07337127541074909,0.875,174,True,0.008,0.8947833775419982,0.16666666666666666,0.14059327347880682,0.16666666666666666,0.12152777777777778
3.0,0.2,12 Sept (urban loop),10 Sept (urban arterial),15,0.0625,True,0.05,0.6091954022988506,0.10176991150442478,0.10999495265942635,0.875,174,True,0.039,0.6595932802829354,0.19540229885057472,0.18016671154968733,0.16666666666666666,0.12152777777777778
3.0,0.3,12 Sept (urban loop),10 Sept (urban arterial),15,0.0625,True,0.097,0.4535809018567639,0.22123893805309736,0.23061333890281258,0.75,174,True,0.096,0.45446507515473034,0.2471264367816092,0.24236719612882635,0.16666666666666666,0.12152777777777778
1.0,0.05,12 Sept (urban loop),13 Sept (dense urban),20,0.047619047619047616,True,0.0,1.0,0.0,0.0,1.0,174,False,-inf,,,,0.46551724137931033,0.30976430976430974
1.0,0.1,12 Sept (urban loop),13 Sept (dense urban),20,0.047619047619047616,True,0.001,0.8735632183908046,0.0,0.0,1.0,174,False,-inf,,,,0.46551724137931033,0.30976430976430974
1.0,0.15,12 Sept (urban loop),13 Sept (dense urban),20,0.047619047619047616,True,0.002,0.7391688770999116,0.05555555555555555,0.06388888888888888,0.875,174,False,-inf,,,,0.46551724137931033,0.30976430976430974
1.0,0.2,12 Sept (urban loop),13 Sept (dense urban),20,0.047619047619047616,True,0.004,0.6286472148541115,0.07777777777777778,0.08888888888888888,0.875,174,False,-inf,,,,0.46551724137931033,0.30976430976430974
1.0,0.3,12 Sept (urban loop),13 Sept (dense urban),20,0.047619047619047616,True,0.006,0.5526083112290009,0.1,0.1138888888888889,0.875,174,True,0.001,0.8735632183908046,0.46551724137931033,0.4010977398205659,0.46551724137931033,0.30976430976430974
3.0,0.05,12 Sept (urban loop),13 Sept (dense urban),20,0.047619047619047616,True,0.001,0.9893899204244032,0.0,0.0,1.0,174,False,-inf,,,,0.16666666666666666,0.10101010101010101
3.0,0.1,12 Sept (urban loop),13 Sept (dense urban),20,0.047619047619047616,True,0.005,0.8514588859416445,0.02654867256637168,0.027486772486772486,0.875,174,False,-inf,,,,0.16666666666666666,0.10101010101010101
3.0,0.15,12 Sept (urban loop),13 Sept (dense urban),20,0.047619047619047616,True,0.01,0.7612732095490716,0.07964601769911504,0.08316468253968254,0.875,174,True,0.008,0.7939876215738285,0.19540229885057472,0.17928374966928298,0.16666666666666666,0.10101010101010101
3.0,0.2,12 Sept (urban loop),13 Sept (dense urban),20,0.047619047619047616,True,0.015,0.7046861184792219,0.10176991150442478,0.10635251322751323,0.875,174,True,0.017,0.6870026525198939,0.21839080459770116,0.2099286163115921,0.16666666666666666,0.10101010101010101
3.0,0.3,12 Sept (urban loop),13 Sept (dense urban),20,0.047619047619047616,True,0.028,0.5994694960212201,0.16371681415929204,0.1744393971038708,0.875,174,True,0.035,0.5596816976127321,0.26436781609195403,0.26177657626018924,0.16666666666666666,0.10101010101010101
1.0,0.05,12 Sept (urban loop),15 Sept (highway),14,0.06666666666666667,False,-inf,1.0,0.0,0.0,1.0,174,False,-inf,,,,0.46551724137931033,0.3446327683615819
1.0,0.1,12 Sept (urban loop),15 Sept (highway),14,0.06666666666666667,True,0.01,0.6339522546419099,0.05555555555555555,0.06388888888888888,0.75,174,False,-inf,,,,0.46551724137931033,0.3446327683615819
1.0,0.15,12 Sept (urban loop),15 Sept (highway),14,0.06666666666666667,True,0.017,0.5464190981432361,0.07777777777777778,0.09027777777777778,0.75,174,False,-inf,,,,0.46551724137931033,0.3446327683615819
1.0,0.2,12 Sept (urban loop),15 Sept (highway),14,0.06666666666666667,True,0.021,0.5092838196286472,0.07777777777777778,0.09027777777777778,0.75,174,False,-inf,,,,0.46551724137931033,0.3446327683615819
1.0,0.3,12 Sept (urban loop),15 Sept (highway),14,0.06666666666666667,True,0.047,0.35190097259062775,0.2111111111111111,0.23373015873015873,0.75,174,False,-inf,,,,0.46551724137931033,0.3446327683615819
3.0,0.05,12 Sept (urban loop),15 Sept (highway),14,0.06666666666666667,False,-inf,1.0,0.0,0.0,1.0,174,False,-inf,,,,0.16666666666666666,0.0903954802259887
3.0,0.1,12 Sept (urban loop),15 Sept (highway),14,0.06666666666666667,True,0.018000000000000002,0.7939876215738285,0.008849557522123894,0.008928571428571428,1.0,174,False,-inf,,,,0.16666666666666666,0.0903954802259887
3.0,0.15,12 Sept (urban loop),15 Sept (highway),14,0.06666666666666667,True,0.058,0.6109637488947833,0.10176991150442478,0.10941624895572263,0.625,174,True,0.02,0.7789566755083996,0.16666666666666666,0.14059327347880682,0.16666666666666666,0.0903954802259887
3.0,0.2,12 Sept (urban loop),15 Sept (highway),14,0.06666666666666667,True,0.105,0.5048629531388152,0.19469026548672566,0.2078089320523531,0.625,174,True,0.057,0.614500442086649,0.20114942528735633,0.18909528297825878,0.16666666666666666,0.0903954802259887
3.0,0.3,12 Sept (urban loop),15 Sept (highway),14,0.06666666666666667,True,0.164,0.4235190097259063,0.2920353982300885,0.3085544590643275,0.625,174,True,0.23800000000000002,0.34129089301503096,0.3620689655172414,0.3704455873428832,0.16666666666666666,0.0903954802259887
1.0,0.05,13 Sept (dense urban),10 Sept (urban arterial),15,0.0625,False,-inf,1.0,0.0,0.0,1.0,297,False,-inf,,,,0.30976430976430974,0.33797909407665505
1.0,0.1,13 Sept (dense urban),10 Sept (urban arterial),15,0.0625,True,0.001,0.70703125,0.05527638190954774,0.06447802197802198,0.7,297,False,-inf,,,,0.30976430976430974,0.33797909407665505
1.0,0.15,13 Sept (dense urban),10 Sept (urban arterial),15,0.0625,True,0.002,0.5833333333333334,0.11055276381909548,0.12152983489940013,0.7,297,False,-inf,,,,0.30976430976430974,0.33797909407665505
1.0,0.2,13 Sept (dense urban),10 Sept (urban arterial),15,0.0625,True,0.003,0.5110677083333334,0.1708542713567839,0.18890162977119498,0.65,297,False,-inf,,,,0.30976430976430974,0.33797909407665505
1.0,0.3,13 Sept (dense urban),10 Sept (urban arterial),15,0.0625,True,0.01,0.3134765625,0.35678391959798994,0.3840444036639689,0.35,297,False,-inf,,,,0.30976430976430974,0.33797909407665505
3.0,0.05,13 Sept (dense urban),10 Sept (urban arterial),15,0.0625,False,-inf,1.0,0.0,0.0,1.0,297,False,-inf,,,,0.10101010101010101,0.12152777777777778
3.0,0.1,13 Sept (dense urban),10 Sept (urban arterial),15,0.0625,True,0.006,0.724609375,0.07809523809523809,0.09182689093084631,0.65,297,False,-inf,,,,0.10101010101010101,0.12152777777777778
3.0,0.15,13 Sept (dense urban),10 Sept (urban arterial),15,0.0625,True,0.012,0.6168619791666666,0.13523809523809524,0.15826814002582013,0.7,297,True,0.003,0.8297526041666666,0.10437710437710437,0.06424486270230952,0.10101010101010101,0.12152777777777778
3.0,0.2,13 Sept (dense urban),10 Sept (urban arterial),15,0.0625,True,0.02,0.5289713541666666,0.2,0.2322034950051864,0.55,297,True,0.018000000000000002,0.5472005208333334,0.1919191919191919,0.15610778990628804,0.10101010101010101,0.12152777777777778
3.0,0.3,13 Sept (dense urban),10 Sept (urban arterial),15,0.0625,True,0.041,0.4078776041666667,0.3219047619047619,0.3606928140339938,0.45,297,True,0.061,0.34765625,0.367003367003367,0.3846676627676314,0.10101010101010101,0.12152777777777778
1.0,0.05,13 Sept (dense urban),12 Sept (urban loop),8,0.1111111111111111,False,-inf,1.0,0.0,0.0,1.0,297,False,-inf,,,,0.30976430976430974,0.46551724137931033
1.0,0.1,13 Sept (dense urban),12 Sept (urban loop),8,0.1111111111111111,False,-inf,1.0,0.0,0.0,1.0,297,False,-inf,,,,0.30976430976430974,0.46551724137931033
1.0,0.15,13 Sept (dense urban),12 Sept (urban loop),8,0.1111111111111111,True,0.001,0.7916666666666666,0.020100502512562814,0.030000000000000006,0.9,297,False,-inf,,,,0.30976430976430974,0.46551724137931033
1.0,0.2,13 Sept (dense urban),12 Sept (urban loop),8,0.1111111111111111,True,0.004,0.5237630208333334,0.135678391959799,0.15901251526251525,0.7,297,False,-inf,,,,0.30976430976430974,0.46551724137931033
1.0,0.3,13 Sept (dense urban),12 Sept (urban loop),8,0.1111111111111111,True,0.015,0.2685546875,0.40703517587939697,0.4575601451688408,0.25,297,False,-inf,,,,0.30976430976430974,0.46551724137931033
3.0,0.05,13 Sept (dense urban),12 Sept (urban loop),8,0.1111111111111111,False,-inf,1.0,0.0,0.0,1.0,297,False,-inf,,,,0.10101010101010101,0.16666666666666666
3.0,0.1,13 Sept (dense urban),12 Sept (urban loop),8,0.1111111111111111,False,-inf,1.0,0.0,0.0,1.0,297,False,-inf,,,,0.10101010101010101,0.16666666666666666
3.0,0.15,13 Sept (dense urban),12 Sept (urban loop),8,0.1111111111111111,True,0.005,0.7981770833333334,0.0380952380952381,0.05021734048673704,0.9,297,False,-inf,,,,0.10101010101010101,0.16666666666666666
3.0,0.2,13 Sept (dense urban),12 Sept (urban loop),8,0.1111111111111111,True,0.012,0.6591796875,0.08571428571428572,0.11281660555291387,0.8,297,False,-inf,,,,0.10101010101010101,0.16666666666666666
3.0,0.3,13 Sept (dense urban),12 Sept (urban loop),8,0.1111111111111111,True,0.046,0.3727213541666667,0.32761904761904764,0.37571253804051274,0.4,297,True,0.021,0.5436197916666666,0.18855218855218855,0.18310386317895708,0.10101010101010101,0.16666666666666666
1.0,0.05,13 Sept (dense urban),15 Sept (highway),14,0.06666666666666667,False,-inf,1.0,0.0,0.0,1.0,297,False,-inf,,,,0.30976430976430974,0.3446327683615819
1.0,0.1,13 Sept (dense urban),15 Sept (highway),14,0.06666666666666667,True,0.004,0.4768880208333333,0.1407035175879397,0.17741022866022865,0.4,297,False,-inf,,,,0.30976430976430974,0.3446327683615819
1.0,0.15,13 Sept (dense urban),15 Sept (highway),14,0.06666666666666667,True,0.01,0.3046875,0.3015075376884422,0.35323269122182166,0.1,297,False,-inf,,,,0.30976430976430974,0.3446327683615819
1.0,0.2,13 Sept (dense urban),15 Sept (highway),14,0.06666666666666667,True,0.013000000000000001,0.2620442708333333,0.36683417085427134,0.43353847239716803,0.15,297,False,-inf,,,,0.30976430976430974,0.3446327683615819
1.0,0.3,13 Sept (dense urban),15 Sept (highway),14,0.06666666666666667,True,0.029,0.15852864583333334,0.5628140703517588,0.6172496887170801,0.05,297,False,-inf,,,,0.30976430976430974,0.3446327683615819
3.0,0.05,13 Sept (dense urban),15 Sept (highway),14,0.06666666666666667,False,-inf,1.0,0.0,0.0,1.0,297,False,-inf,,,,0.10101010101010101,0.0903954802259887
3.0,0.1,13 Sept (dense urban),15 Sept (highway),14,0.06666666666666667,True,0.006,0.7392578125,0.07238095238095238,0.08352082676283995,0.65,297,False,-inf,,,,0.10101010101010101,0.0903954802259887
3.0,0.15,13 Sept (dense urban),15 Sept (highway),14,0.06666666666666667,True,0.025,0.4729817708333333,0.2019047619047619,0.23881879839954173,0.3,297,True,0.009000000000000001,0.6722005208333334,0.1447811447811448,0.12648701597387454,0.10101010101010101,0.0903954802259887
3.0,0.2,13 Sept (dense urban),15 Sept (highway),14,0.06666666666666667,True,0.056,0.314453125,0.37523809523809526,0.4105540701510283,0.15,297,True,0.025,0.4729817708333333,0.1919191919191919,0.1824658900409839,0.10101010101010101,0.0903954802259887
3.0,0.3,13 Sept (dense urban),15 Sept (highway),14,0.06666666666666667,True,0.126,0.19401041666666666,0.5714285714285714,0.6228263680998583,0.0,297,True,0.117,0.20052083333333334,0.5050505050505051,0.5595385838087654,0.10101010101010101,0.0903954802259887
1.0,0.05,15 Sept (highway),10 Sept (urban arterial),15,0.0625,False,-inf,1.0,0.0,0.0,1.0,177,False,-inf,,,,0.3446327683615819,0.33797909407665505
1.0,0.1,15 Sept (highway),10 Sept (urban arterial),15,0.0625,True,0.002,0.8761904761904762,0.017857142857142856,0.014965986394557821,0.9285714285714286,177,False,-inf,,,,0.3446327683615819,0.33797909407665505
1.0,0.15,15 Sept (highway),10 Sept (urban arterial),15,0.0625,True,0.007,0.710204081632653,0.08928571428571429,0.06670941103714213,0.8571428571428571,177,False,-inf,,,,0.3446327683615819,0.33797909407665505
1.0,0.2,15 Sept (highway),10 Sept (urban arterial),15,0.0625,True,0.012,0.6117913832199546,0.11607142857142858,0.08218560151333261,0.7857142857142857,177,False,-inf,,,,0.3446327683615819,0.33797909407665505
1.0,0.3,15 Sept (highway),10 Sept (urban arterial),15,0.0625,True,0.024,0.47165532879818595,0.17857142857142858,0.1285950743933937,0.8571428571428571,177,False,-inf,,,,0.3446327683615819,0.33797909407665505
3.0,0.05,15 Sept (highway),10 Sept (urban arterial),15,0.0625,False,-inf,1.0,0.0,0.0,1.0,177,False,-inf,,,,0.0903954802259887,0.12152777777777778
3.0,0.1,15 Sept (highway),10 Sept (urban arterial),15,0.0625,True,0.017,0.8539682539682539,0.02666666666666667,0.021431899880175742,0.9285714285714286,177,False,-inf,,,,0.0903954802259887,0.12152777777777778
3.0,0.15,15 Sept (highway),10 Sept (urban arterial),15,0.0625,True,0.035,0.7873015873015873,0.06333333333333334,0.055227415318693206,0.8571428571428571,177,True,0.007,0.9156462585034013,0.0903954802259887,0.07261213819918273,0.0903954802259887,0.12152777777777778
3.0,0.2,15 Sept (highway),10 Sept (urban arterial),15,0.0625,True,0.05,0.7401360544217687,0.09333333333333334,0.08134009635023834,0.7857142857142857,177,True,0.042,0.7659863945578231,0.11299435028248588,0.09671331817080804,0.0903954802259887,0.12152777777777778
3.0,0.3,15 Sept (highway),10 Sept (urban arterial),15,0.0625,True,0.10400000000000001,0.600453514739229,0.17,0.13534536338795974,0.8571428571428571,177,True,0.108,0.5918367346938775,0.1751412429378531,0.13578355967019934,0.0903954802259887,0.12152777777777778
1.0,0.05,15 Sept (highway),12 Sept (urban loop),8,0.1111111111111111,False,-inf,1.0,0.0,0.0,1.0,177,False,-inf,,,,0.3446327683615819,0.46551724137931033
1.0,0.1,15 Sept (highway),12 Sept (urban loop),8,0.1111111111111111,False,-inf,1.0,0.0,0.0,1.0,177,False,-inf,,,,0.3446327683615819,0.46551724137931033
1.0,0.15,15 Sept (highway),12 Sept (urban loop),8,0.1111111111111111,True,0.006,0.7786848072562358,0.03571428571428571,0.03537414965986394,0.9285714285714286,177,False,-inf,,,,0.3446327683615819,0.46551724137931033
1.0,0.2,15 Sept (highway),12 Sept (urban loop),8,0.1111111111111111,True,0.022,0.5165532879818594,0.16964285714285715,0.1470433627996653,0.7142857142857143,177,False,-inf,,,,0.3446327683615819,0.46551724137931033
1.0,0.3,15 Sept (highway),12 Sept (urban loop),8,0.1111111111111111,True,0.044,0.3691609977324263,0.2767857142857143,0.230616792171414,0.6428571428571429,177,False,-inf,,,,0.3446327683615819,0.46551724137931033
3.0,0.05,15 Sept (highway),12 Sept (urban loop),8,0.1111111111111111,False,-inf,1.0,0.0,0.0,1.0,177,False,-inf,,,,0.0903954802259887,0.16666666666666666
3.0,0.1,15 Sept (highway),12 Sept (urban loop),8,0.1111111111111111,False,-inf,1.0,0.0,0.0,1.0,177,False,-inf,,,,0.0903954802259887,0.16666666666666666
3.0,0.15,15 Sept (highway),12 Sept (urban loop),8,0.1111111111111111,True,0.031,0.7804988662131519,0.043333333333333335,0.0520472152825094,0.8571428571428571,177,False,-inf,,,,0.0903954802259887,0.16666666666666666
3.0,0.2,15 Sept (highway),12 Sept (urban loop),8,0.1111111111111111,True,0.054,0.7020408163265306,0.07666666666666666,0.08693990177618109,0.8571428571428571,177,False,-inf,,,,0.0903954802259887,0.16666666666666666
3.0,0.3,15 Sept (highway),12 Sept (urban loop),8,0.1111111111111111,True,0.111,0.563265306122449,0.17333333333333334,0.15732101683275257,0.7857142857142857,177,True,0.094,0.5954648526077098,0.15254237288135594,0.1558676141672093,0.0903954802259887,0.16666666666666666
1.0,0.05,15 Sept (highway),13 Sept (dense urban),20,0.047619047619047616,True,0.0,1.0,0.0,0.0,1.0,177,False,-inf,,,,0.3446327683615819,0.30976430976430974
1.0,0.1,15 Sept (highway),13 Sept (dense urban),20,0.047619047619047616,True,0.001,0.9192743764172335,0.017857142857142856,0.02040816326530612,0.9285714285714286,177,False,-inf,,,,0.3446327683615819,0.30976430976430974
1.0,0.15,15 Sept (highway),13 Sept (dense urban),20,0.047619047619047616,True,0.002,0.8340136054421768,0.026785714285714284,0.02460984393757503,0.9285714285714286,177,False,-inf,,,,0.3446327683615819,0.30976430976430974
1.0,0.2,15 Sept (highway),13 Sept (dense urban),20,0.047619047619047616,True,0.003,0.7600907029478458,0.03571428571428571,0.03481392557022809,0.9285714285714286,177,False,-inf,,,,0.3446327683615819,0.30976430976430974
1.0,0.3,15 Sept (highway),13 Sept (dense urban),20,0.047619047619047616,True,0.007,0.600453514739229,0.05357142857142857,0.044337735094037614,0.9285714285714286,177,True,0.0,1.0,0.3446327683615819,0.3131091355787712,0.3446327683615819,0.30976430976430974
3.0,0.05,15 Sept (highway),13 Sept (dense urban),20,0.047619047619047616,True,0.0,1.0,0.0,0.0,1.0,177,False,-inf,,,,0.0903954802259887,0.10101010101010101
3.0,0.1,15 Sept (highway),13 Sept (dense urban),20,0.047619047619047616,True,0.003,0.9659863945578231,0.013333333333333334,0.023015873015873014,0.9285714285714286,177,False,-inf,,,,0.0903954802259887,0.10101010101010101
3.0,0.15,15 Sept (highway),13 Sept (dense urban),20,0.047619047619047616,True,0.008,0.8748299319727891,0.03333333333333333,0.04297385620915033,0.8571428571428571,177,True,0.005,0.9283446712018141,0.096045197740113,0.08115914674619128,0.0903954802259887,0.10101010101010101
3.0,0.2,15 Sept (highway),13 Sept (dense urban),20,0.047619047619047616,True,0.013000000000000001,0.819047619047619,0.05333333333333334,0.060813449048743175,0.8571428571428571,177,True,0.016,0.7891156462585034,0.10734463276836158,0.09825316384020837,0.0903954802259887,0.10101010101010101
3.0,0.3,15 Sept (highway),13 Sept (dense urban),20,0.047619047619047616,True,0.03,0.6716553287981859,0.09,0.09586318754675752,0.8571428571428571,177,True,0.045,0.600453514739229,0.13559322033898305,0.14316978567990712,0.0903954802259887,0.10101010101010101
