variant,seed,horizon_s,n,prevalence,auprc,lift,auroc,ece,brier
rf,0,0.5,8586,0.03715350570696482,0.09350531927769129,2.516729377173221,0.7453401805645666,0.019657706553649967,0.03535209068306684
rf,0,1.0,8586,0.06790123456790123,0.16794601369794554,2.4733867471879254,0.7500114129585624,0.03167676220541955,0.061819181100285656
rf,0,2.0,8586,0.12578616352201258,0.2580047619828426,2.0511378577635986,0.740683317543496,0.055856980517460436,0.10817553439488285
rf,0,3.0,8586,0.1762170976007454,0.33201304247592545,1.8841136699922645,0.7327094676618091,0.07324615240272739,0.14338819815035145
rf,0,5.0,8586,0.2612392266480317,0.438526137457808,1.6786381704024698,0.7205840666451636,0.09457834929847875,0.18974904266150702
rf,1,0.5,8586,0.03715350570696482,0.09225080198393391,2.4829635919562905,0.7532088338535242,0.018096454939283267,0.035501240405819603
rf,1,1.0,8586,0.06790123456790123,0.1666657024724027,2.4545312545935674,0.7600147371836762,0.03019814118684829,0.061837252450558204
rf,1,2.0,8586,0.12578616352201258,0.2629619842514165,2.090547774798761,0.7464622746247447,0.05280858357978092,0.10688369767451204
rf,1,3.0,8586,0.1762170976007454,0.33992262283228936,1.9289991008843599,0.7374320991484424,0.06944613064889849,0.14063361661395293
rf,1,5.0,8586,0.2612392266480317,0.4509707465644413,1.7262750022301798,0.7254635420836305,0.08839916823618144,0.1857249957049935
rf,2,0.5,8586,0.03715350570696482,0.09796682601141067,2.6368124392914485,0.7522255839870952,0.01943542631908487,0.03537440238325088
rf,2,1.0,8586,0.06790123456790123,0.17441441841290703,2.56864870753554,0.7569549926496261,0.029038132614754363,0.06149557694349311
rf,2,2.0,8586,0.12578616352201258,0.26939084423978704,2.141657211706307,0.7440183038754182,0.05399640590030951,0.10667940913204271
rf,2,3.0,8586,0.1762170976007454,0.33763692578502474,1.9160281855850778,0.7318647222446231,0.06894339543662818,0.1425812702860404
rf,2,5.0,8586,0.2612392266480317,0.44228599102305766,1.6930305478929883,0.7172712217855906,0.09634456460267087,0.19031654520799868
rf+mobility,0,0.5,8586,0.03715350570696482,0.08879738520206634,2.390013634310162,0.7393944197062536,0.01956967607191275,0.03571984753824994
rf+mobility,0,1.0,8586,0.06790123456790123,0.1628884381517795,2.398902452780753,0.7462141662571218,0.0311306311300671,0.062392993034785925
rf+mobility,0,2.0,8586,0.12578616352201258,0.2611200667740349,2.075904530853577,0.7354661949452783,0.05275163881009856,0.10818760179358218
rf+mobility,0,3.0,8586,0.1762170976007454,0.33325055479390253,1.891136327468901,0.7258664691108653,0.08232191711052539,0.14477323937202727
rf+mobility,0,5.0,8586,0.2612392266480317,0.44006948004372953,1.684545945454954,0.7179273524533628,0.11340192678809424,0.19323557900842275
rf+mobility,1,0.5,8586,0.03715350570696482,0.08102284438597496,2.1807590655109124,0.7357700841014222,0.02213793859823797,0.03610702825326688
rf+mobility,1,1.0,8586,0.06790123456790123,0.15529028703355244,2.2870024090395904,0.7485929911789083,0.03201652286218888,0.06294173628719056
rf+mobility,1,2.0,8586,0.12578616352201258,0.25138719767491396,1.998528221515566,0.7331072179293604,0.05482708906512408,0.10937372489661036
rf+mobility,1,3.0,8586,0.1762170976007454,0.32845325397611547,1.8639125172762245,0.7240517615885474,0.07919387463901201,0.14498182321791936
rf+mobility,1,5.0,8586,0.2612392266480317,0.4396568185029455,1.6829663146082436,0.7172315095384248,0.11021364945349668,0.19205126413520685
rf+mobility,2,0.5,8586,0.03715350570696482,0.09102616640297834,2.4500020838118246,0.7398369390252365,0.019674009253711416,0.03557078359544578
rf+mobility,2,1.0,8586,0.06790123456790123,0.15969136807668965,2.351818329856702,0.7436930276360773,0.031581456524849075,0.06232481754225548
rf+mobility,2,2.0,8586,0.12578616352201258,0.25616379360863084,2.036502159188615,0.7318129447059635,0.05823226208792878,0.1084487776351518
rf+mobility,2,3.0,8586,0.1762170976007454,0.3244614052653487,1.8412595013934463,0.7214896786407149,0.07988827404326224,0.14600457651084645
rf+mobility,2,5.0,8586,0.2612392266480317,0.4256556692294365,1.6293711885884716,0.7103859615730239,0.11782293056700516,0.19705791160075417
rf+mobility+history (main),0,0.5,8586,0.03715350570696482,0.08647456463127275,2.3274940812667957,0.7445624538094392,0.020506637410583183,0.03593332344161437
rf+mobility+history (main),0,1.0,8586,0.06790123456790123,0.15825286488044005,2.3306331009664807,0.7475618598428677,0.03232754096810677,0.06278302800785376
rf+mobility+history (main),0,2.0,8586,0.12578616352201258,0.25693227189435425,2.042611561560116,0.7368787685900662,0.05361301604187296,0.10936098573966833
rf+mobility+history (main),0,3.0,8586,0.1762170976007454,0.33367032784737766,1.8935184632502213,0.7297704264160862,0.07611517472317404,0.14506017282477388
rf+mobility+history (main),0,5.0,8586,0.2612392266480317,0.44260475730936794,1.6942507562453113,0.7200285871949863,0.11156914648216708,0.19333093323530443
rf+mobility+history (main),1,0.5,8586,0.03715350570696482,0.0866741497783282,2.3328659874505515,0.7475178913177103,0.021669160824386906,0.0357998731690304
rf+mobility+history (main),1,1.0,8586,0.06790123456790123,0.16135137434232116,2.3762656948596392,0.7545262293363831,0.03352080793229137,0.062380335655333484
rf+mobility+history (main),1,2.0,8586,0.12578616352201258,0.2669416111130697,2.122185808348904,0.7418183354550928,0.05236135839701404,0.10695141642404322
rf+mobility+history (main),1,3.0,8586,0.1762170976007454,0.3414151623926555,1.9374689916082886,0.7301602801639293,0.07476513054134803,0.1419533221717626
rf+mobility+history (main),1,5.0,8586,0.2612392266480317,0.45257494822028693,1.732415740267224,0.7199213992712205,0.10808138407617285,0.19005484382286514
rf+mobility+history (main),2,0.5,8586,0.03715350570696482,0.0845141981670582,2.2747301111672784,0.7395620234243259,0.020647982730240676,0.03583411179662691
rf+mobility+history (main),2,1.0,8586,0.06790123456790123,0.15929557597494087,2.3459893916309476,0.7473818244401917,0.03241183204366854,0.062472239228322936
rf+mobility+history (main),2,2.0,8586,0.12578616352201258,0.25341496385500056,2.0146489626472546,0.7344917892846216,0.05664088640922271,0.10894824646876342
rf+mobility+history (main),2,3.0,8586,0.1762170976007454,0.32844015642276714,1.8638381910415591,0.7246108447556961,0.08018845475456038,0.14572879326311203
rf+mobility+history (main),2,5.0,8586,0.2612392266480317,0.44083247345039867,1.6874666148217223,0.7166385670303019,0.11826386507458606,0.19502069482698398
history only,0,0.5,8586,0.03715350570696482,0.05234903115963152,1.4089930455692674,0.6046599900727028,0.02023929390503028,0.03687078428280532
history only,0,1.0,8586,0.06790123456790123,0.08882816761159663,1.3081966502798779,0.588255283342503,0.03899655780471553,0.06665351619211483
history only,0,2.0,8586,0.12578616352201258,0.15829259571830653,1.2584261359605369,0.5852386609231134,0.07180610898478648,0.1197404487824694
history only,0,3.0,8586,0.1762170976007454,0.22084781692591426,1.2532712201757437,0.5855551430465165,0.09789621922119848,0.16165149081760494
history only,0,5.0,8586,0.2612392266480317,0.3218065541275399,1.2318462210160757,0.5883672003828682,0.12650233566643043,0.2178260879054006
history only,1,0.5,8586,0.03715350570696482,0.05187573462608368,1.396254098744685,0.6037010086179405,0.021395395761578832,0.036908451764351626
history only,1,1.0,8586,0.06790123456790123,0.08930988383369927,1.3152910164599347,0.5884083134347775,0.03894450454152534,0.06666433478240144
history only,1,2.0,8586,0.12578616352201258,0.1625180356121672,1.2920183831167293,0.5879521691288945,0.06718410055494517,0.11905850421632728
history only,1,3.0,8586,0.1762170976007454,0.22712900225967195,1.2889158052885283,0.5876365434251005,0.09350508102578198,0.16036622212546875
history only,1,5.0,8586,0.2612392266480317,0.32785880794041966,1.2550136981615887,0.5886942114093076,0.128120728394807,0.2166241089090349
history only,2,0.5,8586,0.03715350570696482,0.051482303791541256,1.3856647660005432,0.600905780546062,0.022770010466336373,0.036911568675483564
history only,2,1.0,8586,0.06790123456790123,0.0894213847629077,1.3169331210537316,0.5875507876656031,0.03836381415528371,0.06651521498206218
history only,2,2.0,8586,0.12578616352201258,0.16068977619878824,1.2774837207803664,0.5876704808992312,0.06796794357489434,0.11963515114962119
history only,2,3.0,8586,0.1762170976007454,0.22492214112679665,1.27639226947434,0.587616172351987,0.09571296642495977,0.16156697017071764
history only,2,5.0,8586,0.2612392266480317,0.32865669225084043,1.2580679267346035,0.5901511237265635,0.12503426572224033,0.21731926988227177
signalling only,0,0.5,8586,0.03715350570696482,0.07669020187691519,2.0641444304551535,0.7091732320936093,0.014497971767311345,0.035875364674994074
signalling only,0,1.0,8586,0.06790123456790123,0.12296037730590231,1.8108710112323796,0.7014614373812222,0.025054168581938013,0.06439599184367303
signalling only,0,2.0,8586,0.12578616352201258,0.20450431635543034,1.6258093150256712,0.6829634440595672,0.041828800177253656,0.1116317783851661
signalling only,0,3.0,8586,0.1762170976007454,0.2699110934500566,1.5316963968025024,0.6738158075602659,0.05915380134174146,0.14732705861469492
signalling only,0,5.0,8586,0.2612392266480317,0.3675678448235047,1.4070162798281816,0.6590131443320889,0.07453719025948674,0.19418081782360272
signalling only,1,0.5,8586,0.03715350570696482,0.08094954138319568,2.1787860887652606,0.7080371670724673,0.014385553788636866,0.03574378462078205
signalling only,1,1.0,8586,0.06790123456790123,0.12323615974936791,1.8149325344906913,0.6997659968420934,0.026244305418546797,0.06407716721096166
signalling only,1,2.0,8586,0.12578616352201258,0.20789540864188868,1.6527684987030151,0.6841910422279461,0.04333223651091981,0.11073392567527794
signalling only,1,3.0,8586,0.1762170976007454,0.2730798025203106,1.549678244837665,0.6745526703907108,0.05705186319445939,0.14611495206913688
signalling only,1,5.0,8586,0.2612392266480317,0.37113014090422713,1.4206524252357084,0.6598863569031729,0.0723281181985552,0.19300967388885837
signalling only,2,0.5,8586,0.03715350570696482,0.07595627197271454,2.044390442500712,0.7075542635996956,0.014775286519850068,0.0359680450253714
signalling only,2,1.0,8586,0.06790123456790123,0.12150440232056865,1.789428470539284,0.6997145581556145,0.026613245689627658,0.06457691678877252
signalling only,2,2.0,8586,0.12578616352201258,0.20552740457538732,1.6339428663743292,0.685332474760932,0.04366956901496588,0.11154813982796989
signalling only,2,3.0,8586,0.1762170976007454,0.27115033269560773,1.5387288542792388,0.6746024300073757,0.0566544895343101,0.14705045874337408
signalling only,2,5.0,8586,0.2612392266480317,0.36849674205501,1.4105720139475326,0.6599739698520082,0.07573961909051424,0.19389787827095806
rf+mobility+history+signalling,0,0.5,8586,0.03715350570696482,0.09144723048913372,2.46133517548496,0.7573845174359058,0.02179566613119,0.03577567728565526
rf+mobility+history+signalling,0,1.0,8586,0.06790123456790123,0.1653101937425598,2.434568307844972,0.7632669481363014,0.03664694290560597,0.06260298846508208
rf+mobility+history+signalling,0,2.0,8586,0.12578616352201258,0.2660833391180759,2.1153625459887033,0.7483273874727379,0.05457018545968112,0.10803621395354472
rf+mobility+history+signalling,0,3.0,8586,0.1762170976007454,0.3394564707066952,1.9263537722985362,0.7358316616749752,0.08004402444356289,0.14391143926199018
rf+mobility+history+signalling,0,5.0,8586,0.2612392266480317,0.44582586319517087,1.7065808566178053,0.7245188123240669,0.10818542718564952,0.19128168209049984
rf+mobility+history+signalling,1,0.5,8586,0.03715350570696482,0.09207002452868022,2.4780979015775815,0.7586938740841045,0.020968475565743896,0.035574282382518696
rf+mobility+history+signalling,1,1.0,8586,0.06790123456790123,0.1689440877315961,2.4880856556835065,0.7637106068071814,0.03235371044785948,0.061888507298611
rf+mobility+history+signalling,1,2.0,8586,0.12578616352201258,0.26803901124013735,2.130910139359092,0.7462430055955236,0.05760696518575026,0.10748036279034984
rf+mobility+history+signalling,1,3.0,8586,0.1762170976007454,0.3396350359450544,1.9273670975705468,0.7363656080592451,0.07547570491533381,0.143999786759174
rf+mobility+history+signalling,1,5.0,8586,0.2612392266480317,0.4439635330870757,1.6994520263422346,0.7231111713081616,0.11075040960654736,0.19332511909378403
rf+mobility+history+signalling,2,0.5,8586,0.03715350570696482,0.09615611403382153,2.5880764736501307,0.7654056066856441,0.02025589721836479,0.0355163893093431
rf+mobility+history+signalling,2,1.0,8586,0.06790123456790123,0.17084373800734487,2.5160623233808974,0.769706857355593,0.03337908560732277,0.06199091412689673
rf+mobility+history+signalling,2,2.0,8586,0.12578616352201258,0.26741981513394086,2.1259875303148297,0.7496391775468513,0.061252825746107034,0.10821227195756962
rf+mobility+history+signalling,2,3.0,8586,0.1762170976007454,0.3359125976858592,1.9062429370329061,0.7357599891379196,0.07905066302276989,0.14517939612982703
rf+mobility+history+signalling,2,5.0,8586,0.2612392266480317,0.4380261966380155,1.6767244424137322,0.7209180712443337,0.11316029516529194,0.19542070140533416
"main, NO lag (v1 alignment)",0,0.5,8590,0.037136204889406284,0.348913733305621,9.395514009703087,0.9077041094976633,0.015072138436994124,0.029559468954493365
"main, NO lag (v1 alignment)",0,1.0,8590,0.06786961583236321,0.6032615914390905,8.888536999076823,0.9108691558694033,0.016450769327812996,0.040568756108146475
"main, NO lag (v1 alignment)",0,2.0,8590,0.1258440046565774,0.51971335344043,4.1298221147579035,0.8380570512424869,0.03323901601649761,0.08429229860589758
"main, NO lag (v1 alignment)",0,3.0,8590,0.17625145518044238,0.5204436256485552,2.9528472551658447,0.8062647623499682,0.05611484503003469,0.11933304892397081
"main, NO lag (v1 alignment)",0,5.0,8590,0.2612339930151339,0.5638000676433305,2.1582186190090056,0.773268267854946,0.09276513433402082,0.16946482238779198
"main, NO lag (v1 alignment)",1,0.5,8590,0.037136204889406284,0.34415534757742944,9.267380676144574,0.9093778200753548,0.014699992171269712,0.029702819650048555
"main, NO lag (v1 alignment)",1,1.0,8590,0.06786961583236321,0.5937979815341592,8.749098904594215,0.9108706554149341,0.015773205335533485,0.04099874114743972
"main, NO lag (v1 alignment)",1,2.0,8590,0.1258440046565774,0.5177018026619342,4.1138376363237885,0.8391018659200078,0.03373312770878385,0.08469939715743394
"main, NO lag (v1 alignment)",1,3.0,8590,0.17625145518044238,0.5188305187823078,2.9436949513474397,0.8054555634130441,0.058232985276109796,0.12034883914155142
"main, NO lag (v1 alignment)",1,5.0,8590,0.2612339930151339,0.5589921012632899,2.1398137922690106,0.7696006804291782,0.09376592380135093,0.171756782467231
"main, NO lag (v1 alignment)",2,0.5,8590,0.037136204889406284,0.3420321783932091,9.210208189334377,0.9076010186287474,0.014706940803889172,0.02968172166020279
"main, NO lag (v1 alignment)",2,1.0,8590,0.06786961583236321,0.602401654263546,8.87586656968072,0.9108374511924708,0.015268232307005802,0.04047213761810845
"main, NO lag (v1 alignment)",2,2.0,8590,0.1258440046565774,0.5210282634405042,4.140270844545728,0.8372195733297656,0.03657713158565396,0.08475403481377146
"main, NO lag (v1 alignment)",2,3.0,8590,0.17625145518044238,0.5191473628010693,2.9454926330655122,0.8039460046164197,0.06266894932186143,0.12182872601522154
"main, NO lag (v1 alignment)",2,5.0,8590,0.2612339930151339,0.5561272038349068,2.1288470057673123,0.7689170631436255,0.10111908972725378,0.17402473571831276
"rf only, NO lag",0,0.5,8590,0.037136204889406284,0.3689664876765646,9.935492567842289,0.909579832697164,0.012087710195014964,0.02863996925375068
"rf only, NO lag",0,1.0,8590,0.06786961583236321,0.625659436389165,9.218549843195415,0.9115835822043361,0.012928724229834205,0.03874209967214444
"rf only, NO lag",0,2.0,8590,0.1258440046565774,0.5363591414500735,4.262095305324821,0.842359135118647,0.0333222041539614,0.08280450644235904
"rf only, NO lag",0,3.0,8590,0.17625145518044238,0.5318761888543967,3.0177123264592254,0.8108478116064648,0.05503733459534384,0.11824996915550166
"rf only, NO lag",0,5.0,8590,0.2612339930151339,0.5694550974039628,2.1798659922905705,0.7762948280191657,0.07773057731309195,0.16632551798529532
"rf only, NO lag",1,0.5,8590,0.037136204889406284,0.36531670261571375,9.837211521846337,0.9108957573180303,0.01161186238874182,0.028770261436918174
"rf only, NO lag",1,1.0,8590,0.06786961583236321,0.6250567289640503,9.209669471357104,0.9136253205546347,0.011761548414812948,0.03863646825286718
"rf only, NO lag",1,2.0,8590,0.1258440046565774,0.5399974521442836,4.2910065808690065,0.8438671620573966,0.032890859161600575,0.08247296909481748
"rf only, NO lag",1,3.0,8590,0.17625145518044238,0.5357450867653974,3.039663339045419,0.810921086628438,0.05653504816263405,0.11840405144936927
"rf only, NO lag",1,5.0,8590,0.2612339930151339,0.5704863023169957,2.183813429992421,0.7760229260027651,0.07788395986562971,0.16642078847147906
"rf only, NO lag",2,0.5,8590,0.037136204889406284,0.36264265996963896,9.765205169715356,0.9083673779557611,0.011300301882036318,0.02847519251562128
"rf only, NO lag",2,1.0,8590,0.06786961583236321,0.6285297491440017,9.260841415346441,0.9116026478546538,0.011229393434747268,0.038442195761394515
"rf only, NO lag",2,2.0,8590,0.1258440046565774,0.5406637922756378,4.296301550090406,0.8419203154179831,0.033755456003180605,0.08259205324359152
"rf only, NO lag",2,3.0,8590,0.17625145518044238,0.5364823368041812,3.0438462834530493,0.8094975909786406,0.057391906306200786,0.11847062858781165
"rf only, NO lag",2,5.0,8590,0.2612339930151339,0.5696282398048754,2.18052877893221,0.7748506996701784,0.08332918292601217,0.16814241314317036
"main, re-establishment censored",0,0.5,8493,0.037560343812551515,0.09219204777940965,2.454504895895066,0.745948810856044,0.020910902244303767,0.036037604203369614
"main, re-establishment censored",0,1.0,8493,0.06864476627811139,0.16659116970859864,2.4268590125816947,0.7528425490021751,0.03216352657509416,0.06296727537140254
"main, re-establishment censored",0,2.0,8493,0.12692805840103616,0.26783928796583795,2.1101661156714857,0.7410779183248116,0.055661611867999214,0.10863621558297695
"main, re-establishment censored",0,3.0,8493,0.1775579889320617,0.3453191105759699,1.944824407242515,0.7338495335780159,0.07426264048101655,0.1432240488431391
"main, re-establishment censored",0,5.0,8493,0.26256917461438833,0.4584648468803317,1.7460726208765276,0.7240989683163057,0.10597863333123056,0.18968909830550346
"main, re-establishment censored",1,0.5,8493,0.037560343812551515,0.08997340566053515,2.3954361576016456,0.7452132420788293,0.022013232256208645,0.03627147482604951
"main, re-establishment censored",1,1.0,8493,0.06864476627811139,0.16416927657832112,2.3915774716632607,0.7523526898881716,0.03403572509504156,0.06342316143911414
"main, re-establishment censored",1,2.0,8493,0.12692805840103616,0.2590422890801224,2.0408591476414464,0.7364439529259874,0.05845769443136378,0.11044241194510764
"main, re-establishment censored",1,3.0,8493,0.1775579889320617,0.33022185656673914,1.8597972333032595,0.7249808703379163,0.08357333118012059,0.14764038663443474
"main, re-establishment censored",1,5.0,8493,0.26256917461438833,0.43770137467904174,1.6669945180040813,0.7136071410927155,0.11994268116609319,0.19731365858743374
"main, re-establishment censored",2,0.5,8493,0.037560343812551515,0.08874475696563475,2.3627248304361625,0.7403074048535266,0.02200307120130117,0.03633150215102733
"main, re-establishment censored",2,1.0,8493,0.06864476627811139,0.16052181120556247,2.3384420970306037,0.7486328832296439,0.03640472572337819,0.06380256573156685
"main, re-establishment censored",2,2.0,8493,0.12692805840103616,0.26906531141531387,2.1198253152599817,0.741436465470759,0.05611235044969115,0.10905043928414376
"main, re-establishment censored",2,3.0,8493,0.1775579889320617,0.345349649387487,1.9449964006949119,0.7311785960441947,0.07925083231471004,0.14490097790395903
"main, re-establishment censored",2,5.0,8493,0.26256917461438833,0.4563286857237304,1.7379370080052208,0.7207246774243207,0.11644307267342567,0.19323261466790256
