protocol,learner,seed,horizon_s,n,prevalence,auprc,lift,auroc,ece,brier
random_row,a3,0,0.5,8586,0.03715350570696482,0.06752526401446068,1.8174668239127256,0.6941907110379183,0.35824733934257674,0.32400530620994816
random_row,a3,0,1.0,8586,0.06790123456790123,0.11634776147249895,1.7134852144131665,0.6887807295248844,0.34384558947388183,0.3162006476154253
random_row,a3,0,2.0,8586,0.12578616352201258,0.20384406432276894,1.6205603113660132,0.6824927095360749,0.3229976975568075,0.3058988866336251
random_row,a3,0,3.0,8586,0.1762170976007454,0.2720311856264344,1.543727534559528,0.6752142630404537,0.30890498849554504,0.30184846936193943
random_row,a3,0,5.0,8586,0.2612392266480317,0.37433207645352806,1.4329091433036076,0.6659662316570711,0.2923664373657989,0.3036042252176912
random_row,lr,0,0.5,8586,0.03715350570696482,0.1097483697731131,2.953916936902662,0.7915878101284974,0.008053195459063014,0.03440917360893659
random_row,lr,0,1.0,8586,0.06790123456790123,0.17891309659382093,2.6349019680180903,0.7790140446903595,0.011973453363768897,0.05960449355135646
random_row,lr,0,2.0,8586,0.12578616352201258,0.2996040283178856,2.3818520251271904,0.774348299138467,0.017604392936742676,0.0988641862681026
random_row,lr,0,3.0,8586,0.1762170976007454,0.3896532204629591,2.211211203499648,0.7712162156732234,0.019112297232228743,0.12619128851420908
random_row,lr,0,5.0,8586,0.2612392266480317,0.5136082380035298,1.966045622602901,0.7668952241208113,0.019258382471098717,0.16085893544861332
random_row,lr,1,0.5,8586,0.03715350570696482,0.1097483697731131,2.953916936902662,0.7915878101284974,0.008053195459063014,0.03440917360893659
random_row,lr,1,1.0,8586,0.06790123456790123,0.17891309659382093,2.6349019680180903,0.7790140446903595,0.011973453363768897,0.05960449355135646
random_row,lr,1,2.0,8586,0.12578616352201258,0.2996040283178856,2.3818520251271904,0.774348299138467,0.017604392936742676,0.0988641862681026
random_row,lr,1,3.0,8586,0.1762170976007454,0.3896532204629591,2.211211203499648,0.7712162156732234,0.019112297232228743,0.12619128851420908
random_row,lr,1,5.0,8586,0.2612392266480317,0.5136082380035298,1.966045622602901,0.7668952241208113,0.019258382471098717,0.16085893544861332
random_row,lr,2,0.5,8586,0.03715350570696482,0.1097483697731131,2.953916936902662,0.7915878101284974,0.008053195459063014,0.03440917360893659
random_row,lr,2,1.0,8586,0.06790123456790123,0.17891309659382093,2.6349019680180903,0.7790140446903595,0.011973453363768897,0.05960449355135646
random_row,lr,2,2.0,8586,0.12578616352201258,0.2996040283178856,2.3818520251271904,0.774348299138467,0.017604392936742676,0.0988641862681026
random_row,lr,2,3.0,8586,0.1762170976007454,0.3896532204629591,2.211211203499648,0.7712162156732234,0.019112297232228743,0.12619128851420908
random_row,lr,2,5.0,8586,0.2612392266480317,0.5136082380035298,1.966045622602901,0.7668952241208113,0.019258382471098717,0.16085893544861332
random_row,lgbm,0,0.5,8586,0.03715350570696482,0.1334075151006748,3.590711362552959,0.8405531226051534,0.016420680412593914,0.03444195505806179
random_row,lgbm,0,1.0,8586,0.06790123456790123,0.23706620372973689,3.4913386367470345,0.8473621277098276,0.024759775942115984,0.05797223762893701
random_row,lgbm,0,2.0,8586,0.12578616352201258,0.48362674095734576,3.8448325906108987,0.885618665561378,0.028993281928361144,0.08315374471116666
random_row,lgbm,0,3.0,8586,0.1762170976007454,0.6475176248230146,3.6745448292996716,0.9065778849200702,0.030949848891392896,0.09186124877788489
random_row,lgbm,0,5.0,8586,0.2612392266480317,0.8064045113463733,3.0868431272492023,0.9242897605168748,0.03788427705321397,0.09760245048562911
random_row,lgbm,1,0.5,8586,0.03715350570696482,0.13325531752095646,3.586614909827374,0.8411450443334587,0.017325666354259688,0.03446417807120299
random_row,lgbm,1,1.0,8586,0.06790123456790123,0.2328337360350357,3.429005930697799,0.8493290144840624,0.02509972776517947,0.05818153674897945
random_row,lgbm,1,2.0,8586,0.12578616352201258,0.48913576683463234,3.888629346335327,0.8880252588053014,0.03132654333278453,0.08288679079641312
random_row,lgbm,1,3.0,8586,0.1762170976007454,0.650830995042041,3.693347603060783,0.9074498229165041,0.034415537700592885,0.09182582992504962
random_row,lgbm,1,5.0,8586,0.2612392266480317,0.8082281188044299,3.093823730742236,0.9254282016980112,0.0397941957818924,0.09721332523196326
random_row,lgbm,2,0.5,8586,0.03715350570696482,0.13767825388012014,3.7056598364097546,0.8427107360798856,0.01681524413862175,0.034324299644152206
random_row,lgbm,2,1.0,8586,0.06790123456790123,0.23821062919230454,3.5081929026503036,0.8489532977449066,0.02509961277419251,0.057935531921198394
random_row,lgbm,2,2.0,8586,0.12578616352201258,0.4765276032364695,3.7883944457299323,0.8855493383071321,0.029769162020414942,0.08349762067200428
random_row,lgbm,2,3.0,8586,0.1762170976007454,0.6427642325812781,3.647570192295343,0.906202047965654,0.031790826585691684,0.09223533237980533
random_row,lgbm,2,5.0,8586,0.2612392266480317,0.7997270016321449,3.0612822273801146,0.9240719405983504,0.039661297031226825,0.098310084105864
random_row,mlp,0,0.5,8586,0.03715350570696482,0.09302779376679624,2.5038766058987854,0.7561441740833839,0.015939543540382326,0.035582926239795316
random_row,mlp,0,1.0,8586,0.06790123456790123,0.16139134925116097,2.3768544162443708,0.7511404921267733,0.03558570783269905,0.06356398912470576
random_row,mlp,0,2.0,8586,0.12578616352201258,0.2981847767815275,2.3705689754131436,0.7583432019816246,0.035566947885334946,0.10202327861360382
random_row,mlp,0,3.0,8586,0.1762170976007454,0.39609434988441183,2.247763442238969,0.7585148515869207,0.04013977111271361,0.1291855763623628
random_row,mlp,0,5.0,8586,0.2612392266480317,0.5211525826374698,1.9949246877063378,0.7590340266482534,0.03559625369459695,0.16261345765158614
random_row,mlp,1,0.5,8586,0.03715350570696482,0.09063691852092803,2.439525336741969,0.7552830246631524,0.014640239840001117,0.035578731603069506
random_row,mlp,1,1.0,8586,0.06790123456790123,0.15226962832153682,2.242516344371724,0.7424492830625908,0.03149657281520343,0.06372714579640366
random_row,mlp,1,2.0,8586,0.12578616352201258,0.27760264881077834,2.206941058045688,0.7513691515923064,0.03503153198370234,0.1035913471548158
random_row,mlp,1,3.0,8586,0.1762170976007454,0.38430263932183056,2.1808476280351865,0.7597545902428726,0.03870311609070265,0.1301669239084259
random_row,mlp,1,5.0,8586,0.2612392266480317,0.5237192681869857,2.0047497265508065,0.7657937539874787,0.04102162007421187,0.162329407802863
random_row,mlp,2,0.5,8586,0.03715350570696482,0.09988479860033017,2.6884353629543414,0.7648508459627034,0.013692533855958948,0.03534410060799428
random_row,mlp,2,1.0,8586,0.06790123456790123,0.17613233189502964,2.5939488879086183,0.7573898638782327,0.030557597505088838,0.06257303090288723
random_row,mlp,2,2.0,8586,0.12578616352201258,0.29009124093767635,2.306225365454527,0.7530964117594814,0.031455732359613305,0.10278113393312362
random_row,mlp,2,3.0,8586,0.1762170976007454,0.3988241143035104,2.2632543591605687,0.7580153865144804,0.03504521586844608,0.12880975272938136
random_row,mlp,2,5.0,8586,0.2612392266480317,0.532025720888735,2.0365460720243775,0.7647521685171286,0.03475372922419448,0.1611399622609731
random_row,gru,0,0.5,8586,0.03715350570696482,0.09112227650265413,2.45258892179244,0.7505855702299394,0.01871050783534331,0.03575323765094245
random_row,gru,0,1.0,8586,0.06790123456790123,0.1529006394266255,2.251809417010303,0.7498667416528407,0.029565881973320357,0.06279814179714231
random_row,gru,0,2.0,8586,0.12578616352201258,0.28409114302077815,2.258524587015186,0.7561576664594251,0.03491045768905735,0.10223595447893406
random_row,gru,0,3.0,8586,0.1762170976007454,0.38546866372184335,2.187464604570884,0.7626607387466875,0.039185458842396825,0.12880222471113842
random_row,gru,0,5.0,8586,0.2612392266480317,0.5288455594911412,2.0243727034288623,0.7672308804683151,0.04771662043742081,0.16157735030045198
random_row,gru,1,0.5,8586,0.03715350570696482,0.09660507929070933,2.600160535391945,0.7450176761251537,0.014860824399579798,0.035433207807475865
random_row,gru,1,1.0,8586,0.06790123456790123,0.14667212856940925,2.1600804389313,0.7340798872806917,0.025437022585594486,0.06286116865007631
random_row,gru,1,2.0,8586,0.12578616352201258,0.2736578748017281,2.175580104673738,0.7475055141072328,0.036892237764345644,0.10369454340750886
random_row,gru,1,3.0,8586,0.1762170976007454,0.36778255180529545,2.0870991340385108,0.7503892229921388,0.04301705805816046,0.1318685511407933
random_row,gru,1,5.0,8586,0.2612392266480317,0.5013942308584742,1.9192915141109494,0.7552085072208462,0.048238486724940605,0.1662439721060327
random_row,tcn,0,0.5,8586,0.03715350570696482,0.11348134560597305,3.054391327187726,0.7908777694902837,0.008474844383132674,0.03444370351893766
random_row,tcn,0,1.0,8586,0.06790123456790123,0.18003936983170665,2.6514889011578617,0.7777242196269024,0.01539455845365429,0.05976565332314564
random_row,tcn,0,2.0,8586,0.12578616352201258,0.31047915121704395,2.4683092521754992,0.7748733112275612,0.01749730016450462,0.09817879298071881
random_row,tcn,0,3.0,8586,0.1762170976007454,0.405832718599149,2.303026914667742,0.7751839493885361,0.02374624338928647,0.12478296107597876
random_row,tcn,0,5.0,8586,0.2612392266480317,0.529385370218574,2.026439049797894,0.7737826632354347,0.021483884132910854,0.15839942154461312
random_row,tcn,1,0.5,8586,0.03715350570696482,0.11336090242087285,3.0511495554407975,0.7903918324660536,0.009109183184450222,0.03443725713563645
random_row,tcn,1,1.0,8586,0.06790123456790123,0.18283326224179203,2.692635316651846,0.7777710502643841,0.015711400299507676,0.05978597689126665
random_row,tcn,1,2.0,8586,0.12578616352201258,0.32120547895075197,2.553583557658478,0.7785318658653324,0.01740186976825555,0.09736572720593263
random_row,tcn,1,3.0,8586,0.1762170976007454,0.4211600214666104,2.3900065725791917,0.7783870202997744,0.020884034247934866,0.12349474926720193
random_row,tcn,1,5.0,8586,0.2612392266480317,0.5493070059752977,2.1026972596094096,0.7801131117258738,0.02409536377438959,0.15604973867649488
random_row,transformer,0,0.5,8586,0.03715350570696482,0.11454030367278294,3.082893565311957,0.7783774519153654,0.011789028096970992,0.03447343900226459
random_row,transformer,0,1.0,8586,0.06790123456790123,0.18139901255996269,2.6715127304285415,0.7582383878772734,0.01789176836870168,0.05994969097887993
random_row,transformer,0,2.0,8586,0.12578616352201258,0.3150549367222026,2.5046867469415104,0.7644143327313457,0.026848577443686444,0.09877667204708407
random_row,transformer,0,3.0,8586,0.1762170976007454,0.4177170200255287,2.370468165194441,0.7692549392143063,0.03476014026611411,0.1250787722218197
random_row,transformer,0,5.0,8586,0.2612392266480317,0.543352073301497,2.079902318932971,0.7704083873952907,0.04143324577666762,0.1593639842654521
random_row,transformer,1,0.5,8586,0.03715350570696482,0.09913340898890408,2.6682114406856754,0.7312036411718155,0.015700762008915355,0.03504812697454257
random_row,transformer,1,1.0,8586,0.06790123456790123,0.15719252207240472,2.3150171432481423,0.7056454387066257,0.025068277333017665,0.06143967792804386
random_row,transformer,1,2.0,8586,0.12578616352201258,0.2895649890491555,2.3020416629407863,0.735377068715398,0.037462188929298555,0.102086139307128
random_row,transformer,1,3.0,8586,0.1762170976007454,0.38080729216305914,2.161012168216805,0.7355055376145792,0.04686388281739566,0.1314835155152173
random_row,transformer,1,5.0,8586,0.2612392266480317,0.5052137399320875,1.9339122474618384,0.7362450306097081,0.062342211989403436,0.17013654743976395
chunk_grouped,a3,0,0.5,8586,0.03715350570696482,0.06752526401446068,1.8174668239127256,0.6941907110379183,0.35824733934257674,0.32400530620994816
chunk_grouped,a3,0,1.0,8586,0.06790123456790123,0.11634776147249895,1.7134852144131665,0.6887807295248844,0.34384558947388183,0.3162006476154253
chunk_grouped,a3,0,2.0,8586,0.12578616352201258,0.20384406432276894,1.6205603113660132,0.6824927095360749,0.3229976975568075,0.3058988866336251
chunk_grouped,a3,0,3.0,8586,0.1762170976007454,0.2720311856264344,1.543727534559528,0.6752142630404537,0.30890498849554504,0.30184846936193943
chunk_grouped,a3,0,5.0,8586,0.2612392266480317,0.37433207645352806,1.4329091433036076,0.6659662316570711,0.2923664373657989,0.3036042252176912
chunk_grouped,lr,0,0.5,8586,0.03715350570696482,0.10272354681213308,2.7648412944481966,0.778323227183048,0.00850051480015616,0.034755307913747896
chunk_grouped,lr,0,1.0,8586,0.06790123456790123,0.16799400242787096,2.4740934903013727,0.7633503216739692,0.012442736381207256,0.06054324221994402
chunk_grouped,lr,0,2.0,8586,0.12578616352201258,0.27798338170279663,2.209967884537233,0.7559843483238101,0.020899086683090318,0.10137460161787422
chunk_grouped,lr,0,3.0,8586,0.1762170976007454,0.3610505948087813,2.0488965016709826,0.7514137571463453,0.023866473295929974,0.13033047203316642
chunk_grouped,lr,0,5.0,8586,0.2612392266480317,0.4797125809922271,1.8362961303607943,0.7455826802308708,0.025440641266595565,0.16742320085508772
chunk_grouped,lr,1,0.5,8586,0.03715350570696482,0.10272354681213308,2.7648412944481966,0.778323227183048,0.00850051480015616,0.034755307913747896
chunk_grouped,lr,1,1.0,8586,0.06790123456790123,0.16799400242787096,2.4740934903013727,0.7633503216739692,0.012442736381207256,0.06054324221994402
chunk_grouped,lr,1,2.0,8586,0.12578616352201258,0.27798338170279663,2.209967884537233,0.7559843483238101,0.020899086683090318,0.10137460161787422
chunk_grouped,lr,1,3.0,8586,0.1762170976007454,0.3610505948087813,2.0488965016709826,0.7514137571463453,0.023866473295929974,0.13033047203316642
chunk_grouped,lr,1,5.0,8586,0.2612392266480317,0.4797125809922271,1.8362961303607943,0.7455826802308708,0.025440641266595565,0.16742320085508772
chunk_grouped,lr,2,0.5,8586,0.03715350570696482,0.10272354681213308,2.7648412944481966,0.778323227183048,0.00850051480015616,0.034755307913747896
chunk_grouped,lr,2,1.0,8586,0.06790123456790123,0.16799400242787096,2.4740934903013727,0.7633503216739692,0.012442736381207256,0.06054324221994402
chunk_grouped,lr,2,2.0,8586,0.12578616352201258,0.27798338170279663,2.209967884537233,0.7559843483238101,0.020899086683090318,0.10137460161787422
chunk_grouped,lr,2,3.0,8586,0.1762170976007454,0.3610505948087813,2.0488965016709826,0.7514137571463453,0.023866473295929974,0.13033047203316642
chunk_grouped,lr,2,5.0,8586,0.2612392266480317,0.4797125809922271,1.8362961303607943,0.7455826802308708,0.025440641266595565,0.16742320085508772
chunk_grouped,lgbm,0,0.5,8586,0.03715350570696482,0.10411107479165423,2.8021871102230196,0.774084597407906,0.017217071271463266,0.035138463788178934
chunk_grouped,lgbm,0,1.0,8586,0.06790123456790123,0.18097140759498093,2.6652152754897194,0.7693913667451893,0.027292441124512005,0.06093853716661029
chunk_grouped,lgbm,0,2.0,8586,0.12578616352201258,0.28546475713627767,2.2694448192334074,0.7579430282934145,0.048498279219443344,0.10409521041424306
chunk_grouped,lgbm,0,3.0,8586,0.1762170976007454,0.37046073442441885,2.1022973336206614,0.7509579310241071,0.062395084482596355,0.13543659486242138
chunk_grouped,lgbm,0,5.0,8586,0.2612392266480317,0.4874848670513095,1.8660477345084903,0.7436551953564927,0.08554340245577352,0.1778296468404896
chunk_grouped,lgbm,1,0.5,8586,0.03715350570696482,0.09458784059373618,2.5458658286452005,0.7712205456373169,0.020318403857837727,0.03545439893877647
chunk_grouped,lgbm,1,1.0,8586,0.06790123456790123,0.1761801023812417,2.594652416887378,0.770401065295197,0.02837241828274518,0.06117199003963313
chunk_grouped,lgbm,1,2.0,8586,0.12578616352201258,0.2897093104068658,2.3031890177345833,0.7622698137786069,0.04700479213053657,0.10326834946605655
chunk_grouped,lgbm,1,3.0,8586,0.1762170976007454,0.373169581370331,2.1176695476838483,0.7532108035089453,0.06218045482189045,0.13463218537760402
chunk_grouped,lgbm,1,5.0,8586,0.2612392266480317,0.4897428528538596,1.8746910987976988,0.7444190059581725,0.08302116073736658,0.1774790388381309
chunk_grouped,lgbm,2,0.5,8586,0.03715350570696482,0.10876595821911762,2.9274749757659686,0.7794456412226274,0.016501016239354738,0.03492159393015864
chunk_grouped,lgbm,2,1.0,8586,0.06790123456790123,0.18226039142163636,2.6841984918459176,0.7757474737710923,0.026821935400589244,0.06055347564017123
chunk_grouped,lgbm,2,2.0,8586,0.12578616352201258,0.2926966396312571,2.326938285068494,0.7627837236383732,0.04494432451947651,0.10259464529673662
chunk_grouped,lgbm,2,3.0,8586,0.1762170976007454,0.3756162181845132,2.131553766908282,0.7534567515109403,0.05739339670158523,0.13384812296579976
chunk_grouped,lgbm,2,5.0,8586,0.2612392266480317,0.4884118441506943,1.8695961185367191,0.7425406518108187,0.08003503350881759,0.17683264097360066
chunk_grouped,mlp,0,0.5,8586,0.03715350570696482,0.09197788229238293,2.4756178600702192,0.7460322094909966,0.016298056809301104,0.035781899918074546
chunk_grouped,mlp,0,1.0,8586,0.06790123456790123,0.15926300911199776,2.3455097705585124,0.7393050933515712,0.032287678694939884,0.06382241860023025
chunk_grouped,mlp,0,2.0,8586,0.12578616352201258,0.27190601055639835,2.161652783923367,0.7333021237331123,0.04517054291104686,0.10583525007863938
chunk_grouped,mlp,0,3.0,8586,0.1762170976007454,0.35721198640113794,2.027113096655764,0.7325902314723921,0.05421748810713942,0.13604307744030833
chunk_grouped,mlp,0,5.0,8586,0.2612392266480317,0.4680017604705209,1.7914681744983916,0.7272350597430344,0.06426744449523406,0.17541240781994333
chunk_grouped,mlp,1,0.5,8586,0.03715350570696482,0.07938984214963694,2.136806221620009,0.7196774728089511,0.02161742375412698,0.03657048434927069
chunk_grouped,mlp,1,1.0,8586,0.06790123456790123,0.14141925792833163,2.082719980399066,0.7189598068820248,0.043488082269619456,0.06622813504873272
chunk_grouped,mlp,1,2.0,8586,0.12578616352201258,0.24211745458864165,1.924833763979701,0.7160765214988503,0.05381741694107869,0.11047528759428044
chunk_grouped,mlp,1,3.0,8586,0.1762170976007454,0.32161696731636447,1.825117833032588,0.7146525671430103,0.06203751834601669,0.14267498832454764
chunk_grouped,mlp,1,5.0,8586,0.2612392266480317,0.42885324847947226,1.6416112311389874,0.711498818226783,0.06855350713385502,0.18254252640415913
chunk_grouped,mlp,2,0.5,8586,0.03715350570696482,0.08293456651145052,2.2322137556969097,0.7348547099488733,0.017561802483775868,0.03637243432898593
chunk_grouped,mlp,2,1.0,8586,0.06790123456790123,0.14804968753466877,2.1803681255105767,0.7317573234222414,0.03483183618555698,0.06515597430681236
chunk_grouped,mlp,2,2.0,8586,0.12578616352201258,0.26220212420916994,2.084506887462901,0.728664475826746,0.043603707208234144,0.10769200828125959
chunk_grouped,mlp,2,3.0,8586,0.1762170976007454,0.35296593936872833,2.0030175515002653,0.7262571638663138,0.0533039064273177,0.13767092975811548
chunk_grouped,mlp,2,5.0,8586,0.2612392266480317,0.4735329775214029,1.8126411703070733,0.7265313446658264,0.05917540689149828,0.1751557732270043
chunk_grouped,gru,0,0.5,8586,0.03715350570696482,0.07645845672664323,2.0579069261910936,0.7249205873107301,0.02292238165802981,0.0375121502717
chunk_grouped,gru,0,1.0,8586,0.06790123456790123,0.1287740523493462,1.8964905891449166,0.7181545771107706,0.037502634644702736,0.06786588682315325
chunk_grouped,gru,0,2.0,8586,0.12578616352201258,0.2291588428857766,1.8218128009419239,0.7209489198764445,0.04837307780321567,0.11327667712508266
chunk_grouped,gru,0,3.0,8586,0.1762170976007454,0.31305951116444697,1.7765558247573972,0.7241775856708751,0.056156230811441846,0.1444073540323033
chunk_grouped,gru,0,5.0,8586,0.2612392266480317,0.44262565718098495,1.6943307590530259,0.7243311807421046,0.05705527304186843,0.18181643370372283
chunk_grouped,gru,1,0.5,8586,0.03715350570696482,0.07499871441144092,2.0186174355380304,0.7339150673846577,0.021541330500857523,0.037820196037772605
chunk_grouped,gru,1,1.0,8586,0.06790123456790123,0.12372081519554028,1.8220701874252296,0.7163448998220865,0.03581522815771211,0.0688127856841498
chunk_grouped,gru,1,2.0,8586,0.12578616352201258,0.2281020230406237,1.8134110831729586,0.7250528589474099,0.04804026387716934,0.11452398774962975
chunk_grouped,gru,1,3.0,8586,0.1762170976007454,0.3074572786669549,1.7447641735852444,0.7250993300066187,0.057564002683660846,0.14637816671191836
chunk_grouped,gru,1,5.0,8586,0.2612392266480317,0.4301688768105844,1.6466473367345866,0.7281565947387669,0.06086134596801764,0.18258173634477962
chunk_grouped,tcn,0,0.5,8586,0.03715350570696482,0.10257186438074992,2.7607587071257647,0.7705506995559259,0.012206385602435671,0.0350153109173871
chunk_grouped,tcn,0,1.0,8586,0.06790123456790123,0.16756749285311173,2.4678121674731,0.7554371227427793,0.021978232206899526,0.06122890549210495
chunk_grouped,tcn,0,2.0,8586,0.12578616352201258,0.2769808424910495,2.2019976978038436,0.7462337537377505,0.03103872711581282,0.10254094590004077
chunk_grouped,tcn,0,3.0,8586,0.1762170976007454,0.3585979521885102,2.034978200588598,0.7428449642660542,0.04051998485337041,0.13255935964469928
chunk_grouped,tcn,0,5.0,8586,0.2612392266480317,0.4752028785072231,1.8190333994039312,0.7396486864840387,0.04479446048478883,0.16985371558248344
chunk_grouped,tcn,1,0.5,8586,0.03715350570696482,0.09807406939146632,2.639698933527053,0.761912472181385,0.013006310480445687,0.035204009728592195
chunk_grouped,tcn,1,1.0,8586,0.06790123456790123,0.16184428529944703,2.3835249289554925,0.7484532494139741,0.023560295058052048,0.061866819554793034
chunk_grouped,tcn,1,2.0,8586,0.12578616352201258,0.2728770032499076,2.1693721758367652,0.7410902142483544,0.03378178637788036,0.10320439509116934
chunk_grouped,tcn,1,3.0,8586,0.1762170976007454,0.35929590663167843,2.0389389651947067,0.7403519841098154,0.040974442189094656,0.1328700611656359
chunk_grouped,tcn,1,5.0,8586,0.2612392266480317,0.47785433054998017,1.8291829166750466,0.7385343537998541,0.0493305589654022,0.1704570201803061
chunk_grouped,transformer,0,0.5,8586,0.03715350570696482,0.10108984853779823,2.7208697164436857,0.766596465230002,0.01411578085576352,0.035108473089632164
chunk_grouped,transformer,0,1.0,8586,0.06790123456790123,0.16135654262577115,2.376341809579539,0.7435847920666114,0.022069879978263457,0.06120805634269899
chunk_grouped,transformer,0,2.0,8586,0.12578616352201258,0.2758405240134828,2.1929321659071883,0.7425906188629343,0.03347130138197064,0.10293765403435891
chunk_grouped,transformer,0,3.0,8586,0.1762170976007454,0.35484108041221035,2.0136586360999593,0.7417994516443521,0.04468044118672408,0.1333456318785591
chunk_grouped,transformer,0,5.0,8586,0.2612392266480317,0.46881991067163814,1.7945999790578178,0.7371456200308293,0.059385623953821715,0.17315099942650797
chunk_grouped,transformer,1,0.5,8586,0.03715350570696482,0.09049362664756458,2.4356685843134467,0.7291000628324347,0.019605303217474463,0.035579138782740875
chunk_grouped,transformer,1,1.0,8586,0.06790123456790123,0.1487377652774745,2.1905016340864427,0.7123614022100203,0.028686463464925312,0.06228917100957688
chunk_grouped,transformer,1,2.0,8586,0.12578616352201258,0.25648756209795937,2.039076118678777,0.7212533676762295,0.04093369107104225,0.10540962918377858
chunk_grouped,transformer,1,3.0,8586,0.1762170976007454,0.33360654327567835,1.8931564973991901,0.7163448146134229,0.04955302187537303,0.13693322503848995
chunk_grouped,transformer,1,5.0,8586,0.2612392266480317,0.45367877434830783,1.7366410862927202,0.7174471505548926,0.06341911709700157,0.17672384824549
blocked_purged,a3,0,0.5,8586,0.03715350570696482,0.06752526401446068,1.8174668239127256,0.6941907110379183,0.35824733934257674,0.32400530620994816
blocked_purged,a3,0,1.0,8586,0.06790123456790123,0.11634776147249895,1.7134852144131665,0.6887807295248844,0.34384558947388183,0.3162006476154253
blocked_purged,a3,0,2.0,8586,0.12578616352201258,0.20384406432276894,1.6205603113660132,0.6824927095360749,0.3229976975568075,0.3058988866336251
blocked_purged,a3,0,3.0,8586,0.1762170976007454,0.2720311856264344,1.543727534559528,0.6752142630404537,0.30890498849554504,0.30184846936193943
blocked_purged,a3,0,5.0,8586,0.2612392266480317,0.37433207645352806,1.4329091433036076,0.6659662316570711,0.2923664373657989,0.3036042252176912
blocked_purged,lr,0,0.5,8586,0.03715350570696482,0.1001213833744149,2.6948031274380138,0.7691713816272198,0.007063228436258357,0.03473519519627306
blocked_purged,lr,0,1.0,8586,0.06790123456790123,0.1616413871565593,2.3805367926693277,0.7577720104531985,0.012679611799475486,0.060684707274353246
blocked_purged,lr,0,2.0,8586,0.12578616352201258,0.2693110359048127,2.141022735443261,0.7491681963071518,0.01936440053547775,0.1019896198663635
blocked_purged,lr,0,3.0,8586,0.1762170976007454,0.35056730333874,1.9894057280016006,0.743074045393292,0.022760266733073447,0.13161663861987696
blocked_purged,lr,0,5.0,8586,0.2612392266480317,0.4642942344715429,1.7772761021723884,0.73627476207971,0.03128965094054212,0.1700658457657318
blocked_purged,lr,1,0.5,8586,0.03715350570696482,0.1001213833744149,2.6948031274380138,0.7691713816272198,0.007063228436258357,0.03473519519627306
blocked_purged,lr,1,1.0,8586,0.06790123456790123,0.1616413871565593,2.3805367926693277,0.7577720104531985,0.012679611799475486,0.060684707274353246
blocked_purged,lr,1,2.0,8586,0.12578616352201258,0.2693110359048127,2.141022735443261,0.7491681963071518,0.01936440053547775,0.1019896198663635
blocked_purged,lr,1,3.0,8586,0.1762170976007454,0.35056730333874,1.9894057280016006,0.743074045393292,0.022760266733073447,0.13161663861987696
blocked_purged,lr,1,5.0,8586,0.2612392266480317,0.4642942344715429,1.7772761021723884,0.73627476207971,0.03128965094054212,0.1700658457657318
blocked_purged,lr,2,0.5,8586,0.03715350570696482,0.1001213833744149,2.6948031274380138,0.7691713816272198,0.007063228436258357,0.03473519519627306
blocked_purged,lr,2,1.0,8586,0.06790123456790123,0.1616413871565593,2.3805367926693277,0.7577720104531985,0.012679611799475486,0.060684707274353246
blocked_purged,lr,2,2.0,8586,0.12578616352201258,0.2693110359048127,2.141022735443261,0.7491681963071518,0.01936440053547775,0.1019896198663635
blocked_purged,lr,2,3.0,8586,0.1762170976007454,0.35056730333874,1.9894057280016006,0.743074045393292,0.022760266733073447,0.13161663861987696
blocked_purged,lr,2,5.0,8586,0.2612392266480317,0.4642942344715429,1.7772761021723884,0.73627476207971,0.03128965094054212,0.1700658457657318
blocked_purged,lgbm,0,0.5,8586,0.03715350570696482,0.09539555469780132,2.567605744938314,0.7632009731633078,0.019179071274632843,0.035529516252574195
blocked_purged,lgbm,0,1.0,8586,0.06790123456790123,0.16689534771568404,2.4579133027218925,0.7599287917116844,0.03344993962045269,0.06203864522767606
blocked_purged,lgbm,0,2.0,8586,0.12578616352201258,0.2727571209789664,2.168419111782783,0.7490220169543378,0.058175926473207226,0.10657041274031692
blocked_purged,lgbm,0,3.0,8586,0.1762170976007454,0.3502427878009962,1.987564161308231,0.7424063787997307,0.0688401574093614,0.13998565204073876
blocked_purged,lgbm,0,5.0,8586,0.2612392266480317,0.47062576341727813,1.8015126191265047,0.7406868278833956,0.08918002997721075,0.18216133406459306
blocked_purged,lgbm,1,0.5,8586,0.03715350570696482,0.0930940171529734,2.505659032211378,0.7666376077716555,0.02114085541301517,0.035547221911252806
blocked_purged,lgbm,1,1.0,8586,0.06790123456790123,0.16574716642229773,2.4410037236738393,0.7651223844231656,0.03531711533680325,0.06198423308720751
blocked_purged,lgbm,1,2.0,8586,0.12578616352201258,0.27230955226304915,2.164860940491241,0.7542049076787951,0.051461553406112664,0.10587093458881278
blocked_purged,lgbm,1,3.0,8586,0.1762170976007454,0.3522049999044038,1.9986993583471324,0.7459560850124128,0.06651987198713591,0.13862997516348569
blocked_purged,lgbm,1,5.0,8586,0.2612392266480317,0.46977349184215916,1.7982502010507262,0.7396323095750305,0.09009169533418782,0.1821258059069334
blocked_purged,lgbm,2,0.5,8586,0.03715350570696482,0.0954803007135861,2.569886714504233,0.7639203040528627,0.01999156323785599,0.035416761154253795
blocked_purged,lgbm,2,1.0,8586,0.06790123456790123,0.16599862869670493,2.4447070771696544,0.7610773747151851,0.03352269425652273,0.062005768952981155
blocked_purged,lgbm,2,2.0,8586,0.12578616352201258,0.2677995462367561,2.129006392582211,0.7518889826410475,0.05646027317044379,0.10658251902126989
blocked_purged,lgbm,2,3.0,8586,0.1762170976007454,0.34363155390481853,1.9500466105927112,0.7446446738194051,0.07034719365021827,0.14011437055681716
blocked_purged,lgbm,2,5.0,8586,0.2612392266480317,0.4587481810065818,1.7560463139199785,0.7386258676862428,0.09126955825572781,0.18311775631210947
blocked_purged,mlp,0,0.5,8586,0.03715350570696482,0.0936512630068627,2.5206575052568128,0.7444365614239188,0.016691688700541045,0.035906176663488415
blocked_purged,mlp,0,1.0,8586,0.06790123456790123,0.14703003881556487,2.165351480738319,0.7313331685866513,0.035021981758738364,0.06523426485016856
blocked_purged,mlp,0,2.0,8586,0.12578616352201258,0.26426374657775553,2.1008967852931564,0.7318811617372769,0.04300010949558424,0.10675634064062649
blocked_purged,mlp,0,3.0,8586,0.1762170976007454,0.3449194905787805,1.9573554171245273,0.7297389353535209,0.05159742206982098,0.13743614075241106
blocked_purged,mlp,0,5.0,8586,0.2612392266480317,0.4621444576261697,1.7690469519296892,0.7284553151820483,0.06061326538030144,0.1752711608579287
blocked_purged,mlp,1,0.5,8586,0.03715350570696482,0.08550040661643851,2.301274267112041,0.7222597834878486,0.022445479452336044,0.03668073387730053
blocked_purged,mlp,1,1.0,8586,0.06790123456790123,0.14038213632120047,2.067446007639498,0.7134871592963958,0.045750291078642334,0.06715578785145906
blocked_purged,mlp,1,2.0,8586,0.12578616352201258,0.24435797106508528,1.942645869967428,0.7110317918504703,0.05327083602297407,0.11113008857211834
blocked_purged,mlp,1,3.0,8586,0.1762170976007454,0.3288137792411334,1.8659584326268155,0.7104697690938864,0.0631277024914999,0.14276043073788025
blocked_purged,mlp,1,5.0,8586,0.2612392266480317,0.44960131172142315,1.7210329302006862,0.7104618014220357,0.07183805097494593,0.18080731372559616
blocked_purged,mlp,2,0.5,8586,0.03715350570696482,0.09080037418586319,2.4439248048897224,0.7518695208846745,0.014911524550148318,0.035879632664154594
blocked_purged,mlp,2,1.0,8586,0.06790123456790123,0.15419251118423527,2.2708351647132834,0.7329929235370356,0.030662453542426187,0.06405485729560527
blocked_purged,mlp,2,2.0,8586,0.12578616352201258,0.2563339293939549,2.0378547386819412,0.7252293227146677,0.04044736186977409,0.10766122289229033
blocked_purged,mlp,2,3.0,8586,0.1762170976007454,0.3424351371778049,1.9432571631253357,0.7235112740340117,0.04926393116835987,0.13859811583236445
blocked_purged,mlp,2,5.0,8586,0.2612392266480317,0.45557658779708987,1.7439057435692438,0.7215836203919648,0.06416035642671429,0.17889309503282733
blocked_purged,gru,0,0.5,8586,0.03715350570696482,0.06330349564128684,1.703836406194636,0.6896193385871917,0.028598740145012184,0.04168960081862442
blocked_purged,gru,0,1.0,8586,0.06790123456790123,0.11165835779124186,1.6444230874710166,0.6836518638272227,0.04508616029869113,0.07433753071504567
blocked_purged,gru,0,2.0,8586,0.12578616352201258,0.2029054185331373,1.6130980773384413,0.686359924406154,0.05624002388327265,0.12073414059486813
blocked_purged,gru,0,3.0,8586,0.1762170976007454,0.2764415772253941,1.5687557052592425,0.6872008641072812,0.06308402417840697,0.153691343732211
blocked_purged,gru,0,5.0,8586,0.2612392266480317,0.39268599830236234,1.5031662868587086,0.6877492075298075,0.07043842825194269,0.1927920270710629
blocked_purged,gru,1,0.5,8586,0.03715350570696482,0.06487154713968811,1.746041077559129,0.6998820327676645,0.0320320165354473,0.04622222923597386
blocked_purged,gru,1,1.0,8586,0.06790123456790123,0.10976094696057968,1.6164794006921737,0.684101630842122,0.04913284866481624,0.0812832472975588
blocked_purged,gru,1,2.0,8586,0.12578616352201258,0.20416946483758128,1.6231472454587712,0.6938362889934966,0.06129586610543041,0.12752050413409963
blocked_purged,gru,1,3.0,8586,0.1762170976007454,0.2770518841800444,1.5722190862986525,0.6942290712220374,0.0705671710774195,0.15918684055618976
blocked_purged,gru,1,5.0,8586,0.2612392266480317,0.3907538301825235,1.4957701230259237,0.6956678647582202,0.07181587878457599,0.19612371798709696
blocked_purged,tcn,0,0.5,8586,0.03715350570696482,0.09553770082503492,2.571431659196708,0.7629482404074363,0.011857653105700458,0.0351034170991575
blocked_purged,tcn,0,1.0,8586,0.06790123456790123,0.15272604750648522,2.249238154186419,0.7468820118699055,0.022755164173191976,0.061831564515720944
blocked_purged,tcn,0,2.0,8586,0.12578616352201258,0.2611103453044118,2.075827245170074,0.7376519771836851,0.03309677985201563,0.10391028544242942
blocked_purged,tcn,0,3.0,8586,0.1762170976007454,0.34169068401324965,1.9390325267268749,0.7328145936125099,0.046455071726629514,0.13496631307331092
blocked_purged,tcn,0,5.0,8586,0.2612392266480317,0.45747227576215643,1.7511622646874165,0.7303100879861737,0.049652217416365656,0.1731449620244869
blocked_purged,tcn,1,0.5,8586,0.03715350570696482,0.09832330205508615,2.6464071205171464,0.7506149577596919,0.013130261081375222,0.03530068383340944
blocked_purged,tcn,1,1.0,8586,0.06790123456790123,0.1502185698555443,2.2123098469634708,0.7343790889737103,0.02661107530856005,0.06288421631428646
blocked_purged,tcn,1,2.0,8586,0.12578616352201258,0.2607514906292411,2.0729743505024665,0.7278395185086498,0.035819111505144545,0.10532901183143378
blocked_purged,tcn,1,3.0,8586,0.1762170976007454,0.3447665850067271,1.9564877057949497,0.7269034782112218,0.050432616483351574,0.1363857414210933
blocked_purged,tcn,1,5.0,8586,0.2612392266480317,0.4579025557279404,1.7528093372626377,0.7237410497205066,0.06112408336714491,0.1758904170001956
blocked_purged,transformer,0,0.5,8586,0.03715350570696482,0.09452917869558991,2.544286922508887,0.7587719880341562,0.014645180834386555,0.03529659108237368
blocked_purged,transformer,0,1.0,8586,0.06790123456790123,0.14939790642569184,2.2002237128147346,0.7324333134937177,0.023538784008328244,0.06214950050400714
blocked_purged,transformer,0,2.0,8586,0.12578616352201258,0.2600587266826582,2.0674668771271327,0.7299230985581905,0.0315522850323412,0.10464953195747673
blocked_purged,transformer,0,3.0,8586,0.1762170976007454,0.33799893935703657,1.918082546807347,0.724638411116102,0.04082519712215976,0.1356549071266443
blocked_purged,transformer,0,5.0,8586,0.2612392266480317,0.4483303186290509,1.7161676842394253,0.716630132570727,0.05946229751949235,0.17700448025645066
blocked_purged,transformer,1,0.5,8586,0.03715350570696482,0.08904603559022327,2.3967061491462602,0.7353383718095097,0.01667630458638964,0.03554382573643723
blocked_purged,transformer,1,1.0,8586,0.06790123456790123,0.14120694124322228,2.07959313467291,0.7133713150878883,0.025150169505402116,0.06241672813939502
blocked_purged,transformer,1,2.0,8586,0.12578616352201258,0.25156573044625635,1.999947557047738,0.719714660370469,0.03657927009544533,0.10536134388151965
blocked_purged,transformer,1,3.0,8586,0.1762170976007454,0.33050544740860477,1.8755583420028292,0.7152133323253702,0.04331214675641188,0.13633440241357
blocked_purged,transformer,1,5.0,8586,0.2612392266480317,0.44693162793159247,1.7108136234599434,0.7100274618975045,0.05145958234679024,0.17668047359930028
loco,a3,0,0.5,8586,0.03715350570696482,0.06752526401446068,1.8174668239127256,0.6941907110379183,0.35824733934257674,0.32400530620994816
loco,a3,0,1.0,8586,0.06790123456790123,0.11634776147249895,1.7134852144131665,0.6887807295248844,0.34384558947388183,0.3162006476154253
loco,a3,0,2.0,8586,0.12578616352201258,0.20384406432276894,1.6205603113660132,0.6824927095360749,0.3229976975568075,0.3058988866336251
loco,a3,0,3.0,8586,0.1762170976007454,0.2720311856264344,1.543727534559528,0.6752142630404537,0.30890498849554504,0.30184846936193943
loco,a3,0,5.0,8586,0.2612392266480317,0.37433207645352806,1.4329091433036076,0.6659662316570711,0.2923664373657989,0.3036042252176912
loco,lr,0,0.5,8586,0.03715350570696482,0.09777728311430407,2.631710823885313,0.7715500651644774,0.008862216785542611,0.034894089320023455
loco,lr,0,1.0,8586,0.06790123456790123,0.1666564206368059,2.4543945584693234,0.7669051635653783,0.017658080190382685,0.06065870234888371
loco,lr,0,2.0,8586,0.12578616352201258,0.27607848134976704,2.1948239267306477,0.7583472727990448,0.024509100798268933,0.10165423605021512
loco,lr,0,3.0,8586,0.1762170976007454,0.35905590707539736,2.0375770113346743,0.7536074787629227,0.03119404251885583,0.1307930395559863
loco,lr,0,5.0,8586,0.2612392266480317,0.4789060155782931,1.8332086713130737,0.7481167433230183,0.03500013138062952,0.1676834476854517
loco,lr,1,0.5,8586,0.03715350570696482,0.09777728311430407,2.631710823885313,0.7715500651644774,0.008862216785542611,0.034894089320023455
loco,lr,1,1.0,8586,0.06790123456790123,0.1666564206368059,2.4543945584693234,0.7669051635653783,0.017658080190382685,0.06065870234888371
loco,lr,1,2.0,8586,0.12578616352201258,0.27607848134976704,2.1948239267306477,0.7583472727990448,0.024509100798268933,0.10165423605021512
loco,lr,1,3.0,8586,0.1762170976007454,0.35905590707539736,2.0375770113346743,0.7536074787629227,0.03119404251885583,0.1307930395559863
loco,lr,1,5.0,8586,0.2612392266480317,0.4789060155782931,1.8332086713130737,0.7481167433230183,0.03500013138062952,0.1676834476854517
loco,lr,2,0.5,8586,0.03715350570696482,0.09777728311430407,2.631710823885313,0.7715500651644774,0.008862216785542611,0.034894089320023455
loco,lr,2,1.0,8586,0.06790123456790123,0.1666564206368059,2.4543945584693234,0.7669051635653783,0.017658080190382685,0.06065870234888371
loco,lr,2,2.0,8586,0.12578616352201258,0.27607848134976704,2.1948239267306477,0.7583472727990448,0.024509100798268933,0.10165423605021512
loco,lr,2,3.0,8586,0.1762170976007454,0.35905590707539736,2.0375770113346743,0.7536074787629227,0.03119404251885583,0.1307930395559863
loco,lr,2,5.0,8586,0.2612392266480317,0.4789060155782931,1.8332086713130737,0.7481167433230183,0.03500013138062952,0.1676834476854517
loco,lgbm,0,0.5,8586,0.03715350570696482,0.08647456463127275,2.3274940812667957,0.7445624538094392,0.020506637410583183,0.03593332344161437
loco,lgbm,0,1.0,8586,0.06790123456790123,0.15825286488044005,2.3306331009664807,0.7475618598428677,0.03232754096810677,0.06278302800785376
loco,lgbm,0,2.0,8586,0.12578616352201258,0.25693227189435425,2.042611561560116,0.7368787685900662,0.05361301604187296,0.10936098573966833
loco,lgbm,0,3.0,8586,0.1762170976007454,0.33367032784737766,1.8935184632502213,0.7297704264160862,0.07611517472317404,0.14506017282477388
loco,lgbm,0,5.0,8586,0.2612392266480317,0.44260475730936794,1.6942507562453113,0.7200285871949863,0.11156914648216708,0.19333093323530443
loco,lgbm,1,0.5,8586,0.03715350570696482,0.0866741497783282,2.3328659874505515,0.7475178913177103,0.021669160824386906,0.0357998731690304
loco,lgbm,1,1.0,8586,0.06790123456790123,0.16135137434232116,2.3762656948596392,0.7545262293363831,0.03352080793229137,0.062380335655333484
loco,lgbm,1,2.0,8586,0.12578616352201258,0.2669416111130697,2.122185808348904,0.7418183354550928,0.05236135839701404,0.10695141642404322
loco,lgbm,1,3.0,8586,0.1762170976007454,0.3414151623926555,1.9374689916082886,0.7301602801639293,0.07476513054134803,0.1419533221717626
loco,lgbm,1,5.0,8586,0.2612392266480317,0.45257494822028693,1.732415740267224,0.7199213992712205,0.10808138407617285,0.19005484382286514
loco,lgbm,2,0.5,8586,0.03715350570696482,0.0845141981670582,2.2747301111672784,0.7395620234243259,0.020647982730240676,0.03583411179662691
loco,lgbm,2,1.0,8586,0.06790123456790123,0.15929557597494087,2.3459893916309476,0.7473818244401917,0.03241183204366854,0.062472239228322936
loco,lgbm,2,2.0,8586,0.12578616352201258,0.25341496385500056,2.0146489626472546,0.7344917892846216,0.05664088640922271,0.10894824646876342
loco,lgbm,2,3.0,8586,0.1762170976007454,0.32844015642276714,1.8638381910415591,0.7246108447556961,0.08018845475456038,0.14572879326311203
loco,lgbm,2,5.0,8586,0.2612392266480317,0.44083247345039867,1.6874666148217223,0.7166385670303019,0.11826386507458606,0.19502069482698398
loco,mlp,0,0.5,8586,0.03715350570696482,0.08186050160585766,2.203304911560796,0.7290454589061848,0.016994461223698798,0.036409476753159184
loco,mlp,0,1.0,8586,0.06790123456790123,0.1466423515654832,2.15964190487348,0.727155704260988,0.03447408903603353,0.06514045359876776
loco,mlp,0,2.0,8586,0.12578616352201258,0.2565900660967895,2.0398910254694766,0.7276952512064422,0.04641516713656227,0.10767671499923284
loco,mlp,0,3.0,8586,0.1762170976007454,0.3334255349354208,1.89212930796796,0.7249123927049506,0.05750469403649804,0.13959633777768934
loco,mlp,0,5.0,8586,0.2612392266480317,0.45635850310182463,1.7468988442408677,0.7232988380337054,0.06982014639718717,0.17757284385476987
loco,mlp,1,0.5,8586,0.03715350570696482,0.08658598526349197,2.3304930077502886,0.7173575643311986,0.023826030258630927,0.03628924346065047
loco,mlp,1,1.0,8586,0.06790123456790123,0.14383377132306346,2.1182791776669347,0.7168392470319342,0.04711333035818912,0.06630447540742129
loco,mlp,1,2.0,8586,0.12578616352201258,0.2441291227645337,1.9408265259780428,0.7102230561230028,0.051133673351700826,0.10939091051094625
loco,mlp,1,3.0,8586,0.1762170976007454,0.32739632402718666,1.857914631921629,0.7093462763780868,0.05584860074981772,0.1404456708148096
loco,mlp,1,5.0,8586,0.2612392266480317,0.44539942616295514,1.70494849444277,0.7071625219849461,0.061110227044925,0.17818957700751117
loco,mlp,2,0.5,8586,0.03715350570696482,0.09105315553738458,2.450728506093994,0.7470837142652378,0.014392684845974538,0.03563880259984077
loco,mlp,2,1.0,8586,0.06790123456790123,0.1648491265159586,2.4277780450532087,0.7426839720696505,0.030372419449700434,0.06299805165209062
loco,mlp,2,2.0,8586,0.12578616352201258,0.2780466943176571,2.210471219825374,0.7327591013608865,0.03562148841235782,0.10405421207039191
loco,mlp,2,3.0,8586,0.1762170976007454,0.364486056629632,2.068392123081309,0.7306443267635999,0.04211186488653161,0.1334438571197062
loco,mlp,2,5.0,8586,0.2612392266480317,0.4782714632511871,1.8307796627172057,0.7253642966092981,0.055760520062176425,0.17266789693403276
loco,gru,0,0.5,8586,0.03715350570696482,0.07021352187379333,1.8898222533178357,0.7024256656654683,0.021842490084210724,0.03806593930796981
loco,gru,0,1.0,8586,0.06790123456790123,0.12733324574005608,1.8752714372626442,0.7044175543948035,0.034114306202974454,0.06821882695497467
loco,gru,0,2.0,8586,0.12578616352201258,0.22532186382278457,1.7913088173911373,0.7045575884971036,0.043812246734157956,0.11382540641475952
loco,gru,0,3.0,8586,0.1762170976007454,0.3036193608019592,1.7229846872740398,0.7052152002967075,0.05251484288081905,0.14634785160053643
loco,gru,0,5.0,8586,0.2612392266480317,0.42063296793365507,1.6101447448409998,0.7034905448653856,0.057422068800483006,0.186577650034931
loco,gru,1,0.5,8586,0.03715350570696482,0.07087386525930177,1.9075956335936208,0.6981690241785427,0.025901605956292834,0.03941763304513713
loco,gru,1,1.0,8586,0.06790123456790123,0.12347914360638883,1.8185110240213629,0.6940572671183126,0.04074491041539127,0.0712786139745381
loco,gru,1,2.0,8586,0.12578616352201258,0.2266505470603099,1.8018718491294636,0.7004192941942742,0.052260243903776996,0.11830007894966663
loco,gru,1,3.0,8586,0.1762170976007454,0.30507904660306595,1.7312681388856077,0.6996887991523391,0.06258220235117937,0.15152603018436384
loco,gru,1,5.0,8586,0.2612392266480317,0.41775888459393296,1.5991430152133341,0.6947836171025256,0.07400950074418008,0.1930256745990562
loco,tcn,0,0.5,8586,0.03715350570696482,0.09826177480512792,2.6447510924038506,0.7666084098388691,0.011281107894029757,0.035115336948511836
loco,tcn,0,1.0,8586,0.06790123456790123,0.16049082840802292,2.363592200190883,0.7534475172153496,0.020643372927793883,0.06151922477735756
loco,tcn,0,2.0,8586,0.12578616352201258,0.2729214127286158,2.1697252311924955,0.7451477706723509,0.031164791619836,0.1028604262858708
loco,tcn,0,3.0,8586,0.1762170976007454,0.3561234330122307,2.020935754027107,0.7402166753306024,0.04421554281248959,0.13308014744958585
loco,tcn,0,5.0,8586,0.2612392266480317,0.47042701971870005,1.800751846324012,0.7343474177796581,0.0478273300740815,0.17115672682795535
loco,tcn,1,0.5,8586,0.03715350570696482,0.10345624055747563,2.7845620107413347,0.7696393069396661,0.011047542199315433,0.03491250698303658
loco,tcn,1,1.0,8586,0.06790123456790123,0.16893213135514326,2.4879095708666554,0.7563445869034104,0.022851431242047335,0.061411421374704886
loco,tcn,1,2.0,8586,0.12578616352201258,0.2863014476409999,2.2760965087459493,0.7498271752967995,0.030132072096295266,0.10195864174430605
loco,tcn,1,3.0,8586,0.1762170976007454,0.3708905003541276,2.104736177158321,0.7461658696873665,0.04226708866876237,0.13175447268924398
loco,tcn,1,5.0,8586,0.2612392266480317,0.4857710076447215,1.8594872365749349,0.7411451353305524,0.04980511686725824,0.16925726163431848
loco,transformer,0,0.5,8586,0.03715350570696482,0.07731347096394331,2.080919942621998,0.7188185985523133,0.013192933754795447,0.035841563143401714
loco,transformer,0,1.0,8586,0.06790123456790123,0.13002420339214638,1.9149019045025195,0.6894336793513753,0.019602162664985705,0.06300373330280928
loco,transformer,0,2.0,8586,0.12578616352201258,0.23176597228897106,1.8425394796973198,0.6982757004273125,0.02998413960888701,0.10714222813715231
loco,transformer,0,3.0,8586,0.1762170976007454,0.306122032950157,1.7371868968341362,0.6959343543103369,0.04005343734093431,0.13937777985514216
loco,transformer,0,5.0,8586,0.2612392266480317,0.41846492589121453,1.6018456770851395,0.6948510224919624,0.04916661670234078,0.18079138482910165
loco,transformer,1,0.5,8586,0.03715350570696482,0.07070873275070398,1.9031510325941832,0.7140195201452464,0.016912391267399286,0.03636703108982692
loco,transformer,1,1.0,8586,0.06790123456790123,0.12238839096692825,1.8024472124220343,0.6975278781606127,0.02258078127426061,0.06352383491665409
loco,transformer,1,2.0,8586,0.12578616352201258,0.21678645738776628,1.7234523362327419,0.6998942204261281,0.03696230006695571,0.10852445422417988
loco,transformer,1,3.0,8586,0.1762170976007454,0.2924563272826454,1.6596365010236576,0.6999960472642537,0.0537383503259103,0.14066963732286794
loco,transformer,1,5.0,8586,0.2612392266480317,0.40467055273781044,1.5490420712469195,0.6979287567908821,0.07475096226127281,0.1832418187532161
