learner,held_out_capture,horizon_s,n,prevalence,auprc,lift,auroc,ece,brier
Event A3 rule (deployed parameters),10 Sept (urban arterial),0.5,2178,0.050045913682277315,0.08104308309504689,1.6193746328533223,0.6773338181366703,0.35712057218291765,0.3300051098851882
Event A3 rule (deployed parameters),10 Sept (urban arterial),1.0,2178,0.08356290174471992,0.1342991119879037,1.607161900602496,0.6880849611310533,0.34011340412682217,0.3207139095234575
Event A3 rule (deployed parameters),10 Sept (urban arterial),2.0,2178,0.15335169880624427,0.22799810192700343,1.4867660658593216,0.6793939236494473,0.3144017420515237,0.31074092786979524
Event A3 rule (deployed parameters),10 Sept (urban arterial),3.0,2178,0.21212121212121213,0.3014329621277104,1.4210411071734919,0.6761477159204432,0.29695454278614264,0.3055690442778047
Event A3 rule (deployed parameters),10 Sept (urban arterial),5.0,2178,0.3122130394857668,0.41234986417173886,1.3207323590677165,0.6701656129741616,0.2893889568237756,0.30907802313146027
Event A3 rule (deployed parameters),12 Sept (urban loop),0.5,1131,0.042440318302387266,0.08570535507121346,2.0194324288654673,0.754280163127116,0.4785351962503478,0.4415063566713862
Event A3 rule (deployed parameters),12 Sept (urban loop),1.0,1131,0.07957559681697612,0.14002646223434922,1.7596658754116554,0.721667200341552,0.45200378108435046,0.42280671971896244
Event A3 rule (deployed parameters),12 Sept (urban loop),2.0,1131,0.14588859416445624,0.24188539472790757,1.658014432953112,0.7206223727962858,0.40649586239414043,0.38538239700421567
Event A3 rule (deployed parameters),12 Sept (urban loop),3.0,1131,0.19982316534040673,0.31226240260164995,1.5626937050551597,0.7045739011391973,0.3773158989846613,0.3651066245155429
Event A3 rule (deployed parameters),12 Sept (urban loop),5.0,1131,0.28470380194518125,0.4305383240549338,1.5122324363544415,0.699817273069275,0.33133888749040835,0.3352783812365124
Event A3 rule (deployed parameters),13 Sept (dense urban),0.5,3072,0.036783854166666664,0.08034692499604357,2.1842987043172197,0.7038867471969422,0.3087734723124393,0.2772413298783691
Event A3 rule (deployed parameters),13 Sept (dense urban),1.0,3072,0.06477864583333333,0.1212717310743693,1.8720942606053392,0.6873997554777018,0.3003077016148619,0.27407023853518026
Event A3 rule (deployed parameters),13 Sept (dense urban),2.0,3072,0.12076822916666667,0.21129549539274645,1.7495950454084017,0.6835388909568284,0.28598478494819524,0.2684557097606565
Event A3 rule (deployed parameters),13 Sept (dense urban),3.0,3072,0.1708984375,0.28418071656612093,1.6628631643640448,0.6787496027071999,0.2762191599481952,0.26818246246221594
Event A3 rule (deployed parameters),13 Sept (dense urban),5.0,3072,0.2548828125,0.3859711899452401,1.514308423386689,0.6650405320130091,0.27361499328152855,0.2804353563617292
Event A3 rule (deployed parameters),15 Sept (highway),0.5,2205,0.022222222222222223,0.03506842560753182,1.5780791523389317,0.6338883419787209,0.36836173395919636,0.3229611678036224
Event A3 rule (deployed parameters),15 Sept (highway),1.0,2205,0.050793650793650794,0.08086950486958817,1.5921183771200171,0.652824465906764,0.35503177890910864,0.3157576837649577
Event A3 rule (deployed parameters),15 Sept (highway),2.0,2205,0.09523809523809523,0.15279042876324608,1.604299502014084,0.6448549946294307,0.34119626162096706,0.31251277475709144
Event A3 rule (deployed parameters),15 Sept (highway),3.0,2205,0.1360544217687075,0.20909148357711366,1.5368224042917853,0.638225721784777,0.33484705527176073,0.3126301417204297
Event A3 rule (deployed parameters),15 Sept (highway),5.0,2205,0.20770975056689342,0.2968143479987111,1.4289861077230523,0.6359154683137406,0.32577676048718013,0.3142297865836955
Logistic regression,10 Sept (urban arterial),0.5,2178,0.050045913682277315,0.1449180817544822,2.8957025877180023,0.7791247821710616,0.028029676254066667,0.045890841189393745
Logistic regression,10 Sept (urban arterial),1.0,2178,0.08356290174471992,0.21336525338930645,2.553349021329173,0.7787085159329649,0.06309981972057342,0.07492867183937604
Logistic regression,10 Sept (urban arterial),2.0,2178,0.15335169880624427,0.3354575169897245,2.1875044071964664,0.7714451790562044,0.07898258010237,0.12131613684948726
Logistic regression,10 Sept (urban arterial),3.0,2178,0.21212121212121213,0.42358121539101123,1.9968828725576244,0.7635975135975135,0.09538123650582737,0.15322111225150312
Logistic regression,10 Sept (urban arterial),5.0,2178,0.3122130394857668,0.5570096109852196,1.784069018714424,0.7610912589334801,0.09140089254503733,0.18626709294050442
Logistic regression,12 Sept (urban loop),0.5,1131,0.042440318302387266,0.10492218366343985,2.4722289525698016,0.7776046475838719,0.13162822606717844,0.05697140990616679
Logistic regression,12 Sept (urban loop),1.0,1131,0.07957559681697612,0.17804695885795294,2.2374567829816088,0.7602412210481375,0.23250158240311605,0.12400392137669618
Logistic regression,12 Sept (urban loop),2.0,1131,0.14588859416445624,0.3071512000726996,2.1053818623165044,0.7622121839513143,0.2933274419917384,0.19816874412070395
Logistic regression,12 Sept (urban loop),3.0,1131,0.19982316534040673,0.3818375966639871,1.9108775302078291,0.7540947538258446,0.34117755143497397,0.25716780997114136
Logistic regression,12 Sept (urban loop),5.0,1131,0.28470380194518125,0.5251675625655267,1.8446102896323313,0.7544357346313599,0.3542579151129972,0.2995324728009095
Logistic regression,13 Sept (dense urban),0.5,3072,0.036783854166666664,0.12131910679674315,3.2981619122088053,0.790589382325409,0.13020468452275172,0.05094183396492233
Logistic regression,13 Sept (dense urban),1.0,3072,0.06477864583333333,0.18418332011432487,2.843272157744754,0.7752231397152837,0.23181370707064336,0.11063071763909466
Logistic regression,13 Sept (dense urban),2.0,3072,0.12076822916666667,0.3071176285580853,2.5430333016992934,0.7668298952868609,0.29171564495993324,0.18071954375868646
Logistic regression,13 Sept (dense urban),3.0,3072,0.1708984375,0.39795440967808876,2.3286018029163595,0.7636248060276329,0.3316209915162904,0.23451782936231957
Logistic regression,13 Sept (dense urban),5.0,3072,0.2548828125,0.4990567395861379,1.9579850625908246,0.7494971508469347,0.33575067134704967,0.27780215871804526
Logistic regression,15 Sept (highway),0.5,2205,0.022222222222222223,0.05688867182673599,2.5599902322031194,0.7664325470447919,0.16796668812926482,0.05137918481089578
Logistic regression,15 Sept (highway),1.0,2205,0.050793650793650794,0.11567009818529972,2.2772550580230884,0.7573288512729508,0.28563500874092823,0.13110837245125648
Logistic regression,15 Sept (highway),2.0,2205,0.09523809523809523,0.19038167558221003,1.9990075936132055,0.7379114452798663,0.37198932561120635,0.22202849270863126
Logistic regression,15 Sept (highway),3.0,2205,0.1360544217687075,0.2593255960648675,1.9060431310767758,0.7377585301837271,0.4337612696261396,0.29775632279598246
Logistic regression,15 Sept (highway),5.0,2205,0.20770975056689342,0.3701702722158826,1.7821516380699152,0.7413444882431017,0.4572185149538063,0.3561459873894913
LightGBM,10 Sept (urban arterial),0.5,2178,0.050045913682277315,0.13282205371940928,2.6540039724850772,0.7567144523126449,0.012253756863877363,0.04577129426898314
LightGBM,10 Sept (urban arterial),1.0,2178,0.08356290174471992,0.1964094127863379,2.350437917849692,0.7645207998414411,0.01827908445079654,0.07235999933502106
LightGBM,10 Sept (urban arterial),2.0,2178,0.15335169880624427,0.3224996497363668,2.1030066979814577,0.7524289815163598,0.03282139705121048,0.11914013603333115
LightGBM,10 Sept (urban arterial),3.0,2178,0.21212121212121213,0.40155773031046105,1.893057871463602,0.7448473243927789,0.048423521978928845,0.1521975386180108
LightGBM,10 Sept (urban arterial),5.0,2178,0.3122130394857668,0.5276755117460339,1.6901136243865613,0.7424693709259405,0.0641699236011569,0.1893842693171378
LightGBM,12 Sept (urban loop),0.5,1131,0.042440318302387266,0.13373623599277992,3.151160060579877,0.8184633733456448,0.01578212282003844,0.03844582471528609
LightGBM,12 Sept (urban loop),1.0,1131,0.07957559681697612,0.2325039077812678,2.921799107784599,0.80511260540079,0.021044747702457324,0.06643478964977942
LightGBM,12 Sept (urban loop),2.0,1131,0.14588859416445624,0.37094472825386404,2.5426575009401224,0.7908714473931865,0.023429486045103528,0.10751577782561389
LightGBM,12 Sept (urban loop),3.0,1131,0.19982316534040673,0.4377161127762278,2.190517360840326,0.7806580941671148,0.03858812007366962,0.13580742150466685
LightGBM,12 Sept (urban loop),5.0,1131,0.28470380194518125,0.5533209875558524,1.9434970090859287,0.7713533309276847,0.06020040784460831,0.1683557568195451
LightGBM,13 Sept (dense urban),0.5,3072,0.036783854166666664,0.13300980252463845,3.6159833040326492,0.80904515098679,0.012027359920453333,0.033677552676764096
LightGBM,13 Sept (dense urban),1.0,3072,0.06477864583333333,0.20307653672286866,3.1349302553399627,0.7888747601565081,0.01235836962476456,0.05590808187720237
LightGBM,13 Sept (dense urban),2.0,3072,0.12076822916666667,0.3129496662652257,2.5913244602877987,0.7758392369402967,0.013858563786048649,0.09422044112788254
LightGBM,13 Sept (dense urban),3.0,3072,0.1708984375,0.3978137343705262,2.3277786514023933,0.7683197786377998,0.01887675749593407,0.12252593958814256
LightGBM,13 Sept (dense urban),5.0,3072,0.2548828125,0.4960712467881231,1.946271864793249,0.7545331746533899,0.037363652956208145,0.16190635006054668
LightGBM,15 Sept (highway),0.5,2205,0.022222222222222223,0.05666048916492483,2.5497220124216176,0.7469425618113664,0.02132483418597411,0.022536897762689054
LightGBM,15 Sept (highway),1.0,2205,0.050793650793650794,0.1318428462300913,2.5956560351549225,0.769311821718654,0.032619903887140644,0.048382496937625065
LightGBM,15 Sept (highway),2.0,2205,0.09523809523809523,0.2066262947798512,2.1695760951884377,0.7438477145244062,0.05868040758974831,0.0883246698319663
LightGBM,15 Sept (highway),3.0,2205,0.1360544217687075,0.2814974451090944,2.069006221551844,0.7388556430446194,0.0874943571694322,0.1214610644227768
LightGBM,15 Sept (highway),5.0,2205,0.20770975056689342,0.39722515384633883,1.9124049437361945,0.7362715372328859,0.12390652309300855,0.16770013108936296
MLP,10 Sept (urban arterial),0.5,2178,0.050045913682277315,0.11949637177351419,2.3877348414927884,0.7433720141361558,0.02007507323305932,0.046157771918187984
MLP,10 Sept (urban arterial),1.0,2178,0.08356290174471992,0.19576358316400883,2.3427092534681937,0.7513240767248783,0.030729354644410303,0.07361152483768511
MLP,10 Sept (urban arterial),2.0,2178,0.15335169880624427,0.31894404099786094,2.079820722435153,0.7487984984477899,0.03203390571971679,0.11814450781030321
MLP,10 Sept (urban arterial),3.0,2178,0.21212121212121213,0.4066635388985369,1.9171281119502452,0.7442191646737102,0.025387949816228602,0.1480144535727683
MLP,10 Sept (urban arterial),5.0,2178,0.3122130394857668,0.5437672142696884,1.7416544009990902,0.7514038325610618,0.0378472160030587,0.18051653882184332
MLP,12 Sept (urban loop),0.5,1131,0.042440318302387266,0.12377468589973957,2.9164410365126137,0.8002654662973223,0.015261681547568441,0.03907261483838036
MLP,12 Sept (urban loop),1.0,1131,0.07957559681697612,0.23726324580552358,2.981608122289413,0.7911303234069806,0.024062017044053814,0.06750528956184558
MLP,12 Sept (urban loop),2.0,1131,0.14588859416445624,0.3725555364480564,2.553698858925768,0.7812848986762031,0.043471632382766974,0.10937103438129325
MLP,12 Sept (urban loop),3.0,1131,0.19982316534040673,0.4559438776156308,2.281736838864064,0.7709138023761796,0.05620442416441019,0.1382511647198793
MLP,12 Sept (urban loop),5.0,1131,0.28470380194518125,0.5632481831304177,1.9783655127965913,0.7620787875530715,0.06367779864765953,0.17128848805334412
MLP,13 Sept (dense urban),0.5,3072,0.036783854166666664,0.12635272347946738,3.4350050135302994,0.7905086327299045,0.012270118517870611,0.03405325130142951
MLP,13 Sept (dense urban),1.0,3072,0.06477864583333333,0.18620224086423182,2.874438612738292,0.7687410249996939,0.02224609022492871,0.058136168231926355
MLP,13 Sept (dense urban),2.0,3072,0.12076822916666667,0.2879912269464451,2.3846605099177336,0.755397571629156,0.03353389644553763,0.09854340539548385
MLP,13 Sept (dense urban),3.0,3072,0.1708984375,0.3634633971522639,2.126780106765247,0.7471714622244658,0.04006450569512286,0.1298412212799176
MLP,13 Sept (dense urban),5.0,3072,0.2548828125,0.45138071394793433,1.7709342953359568,0.727519643896318,0.060349893175685204,0.17431822864002985
MLP,15 Sept (highway),0.5,2205,0.022222222222222223,0.04084650583259476,1.8380927624667642,0.6949850441104085,0.03039071877079569,0.023677441685542942
MLP,15 Sept (highway),1.0,2205,0.050793650793650794,0.0953148047157751,1.8765102178418223,0.7048239028052693,0.045926844102900065,0.05183213403679266
MLP,15 Sept (highway),2.0,2205,0.09523809523809523,0.16863137245070048,1.770629410732355,0.683625730994152,0.06742420334488307,0.09203879395574016
MLP,15 Sept (highway),3.0,2205,0.1360544217687075,0.24364422718745787,1.7907850698278152,0.6855415573053368,0.08777896225829204,0.12378232448479366
MLP,15 Sept (highway),5.0,2205,0.20770975056689342,0.35616784491681575,1.7147382053309579,0.6930058515783765,0.09423642428310997,0.16425129727751756
GRU,10 Sept (urban arterial),0.5,2178,0.050045913682277315,0.10146934655628796,2.027525108253167,0.7116942546370405,0.02886980271208056,0.05087481768702697
GRU,10 Sept (urban arterial),1.0,2178,0.08356290174471992,0.15672010348290857,1.8754746449767852,0.7069716355788499,0.054383473583124516,0.0850728789097868
GRU,10 Sept (urban arterial),2.0,2178,0.15335169880624427,0.2790509778844137,1.8196797300366856,0.7117760141322561,0.07784022489818622,0.13517214259484012
GRU,10 Sept (urban arterial),3.0,2178,0.21212121212121213,0.3703560814206034,1.7459643838399874,0.7107715516806425,0.08677621441658098,0.16787547487135265
GRU,10 Sept (urban arterial),5.0,2178,0.3122130394857668,0.5018958392857639,1.6075428499476376,0.7107800596874263,0.09430303545694377,0.20341499802999835
GRU,12 Sept (urban loop),0.5,1131,0.042440318302387266,0.08106077135837196,1.9099944251316394,0.7344375192366882,0.032813805167807825,0.041895785820072494
GRU,12 Sept (urban loop),1.0,1131,0.07957559681697612,0.14950326460070368,1.8787576918155096,0.7261180488846195,0.040217382416695646,0.07510057421893303
GRU,12 Sept (urban loop),2.0,1131,0.14588859416445624,0.2753251089954918,1.88722847438728,0.7375243114373548,0.05678231959282529,0.12052018715520223
GRU,12 Sept (urban loop),3.0,1131,0.19982316534040673,0.37425911211455837,1.8729515743432101,0.7388940497726496,0.0617769511442356,0.14805788851996926
GRU,12 Sept (urban loop),5.0,1131,0.28470380194518125,0.5204444763415731,1.8280208159699354,0.7436179932283551,0.07786858152085407,0.1779327759851757
GRU,13 Sept (dense urban),0.5,3072,0.036783854166666664,0.08902008731171172,2.4200859134652957,0.7688557782317034,0.016997918208491884,0.034953922523121794
GRU,13 Sept (dense urban),1.0,3072,0.06477864583333333,0.14878354179404515,2.296799197946265,0.750809389796179,0.022101166147169553,0.05889923571009995
GRU,13 Sept (dense urban),2.0,3072,0.12076822916666667,0.2633377589295131,2.1805218205699846,0.7489110053080071,0.03192751587549638,0.0996685295166397
GRU,13 Sept (dense urban),3.0,3072,0.1708984375,0.34732239851889196,2.032332206190545,0.7474616261895415,0.045501411129306585,0.1300529768752521
GRU,13 Sept (dense urban),5.0,3072,0.2548828125,0.4551563614652085,1.7857475637562203,0.7354714953576075,0.06565626647271632,0.17193215459095987
GRU,15 Sept (highway),0.5,2205,0.022222222222222223,0.04249550005386968,1.9122975024241355,0.7149483169891333,0.03864254738828583,0.02449819348729679
GRU,15 Sept (highway),1.0,2205,0.050793650793650794,0.09620763675534741,1.894087848620902,0.7083688826701249,0.06514296945260495,0.05516425167399633
GRU,15 Sept (highway),2.0,2205,0.09523809523809523,0.17419310567823207,1.8290276096214368,0.7061678004535147,0.09737268875515649,0.09904533839022418
GRU,15 Sept (highway),3.0,2205,0.1360544217687075,0.24329696050661556,1.7882326597236242,0.7141382327209099,0.12255078066683861,0.13371174061607402
GRU,15 Sept (highway),5.0,2205,0.20770975056689342,0.34066073833976945,1.640080628906532,0.715046130234488,0.15169706640149822,0.18158784446496626
TCN,10 Sept (urban arterial),0.5,2178,0.050045913682277315,0.12274588108463423,2.4526654036911317,0.7420772344925749,0.016847008242313742,0.04635120712149339
TCN,10 Sept (urban arterial),1.0,2178,0.08356290174471992,0.1837293222866107,2.1986948568144955,0.7439356735448921,0.03333421998845716,0.07493700827115718
TCN,10 Sept (urban arterial),2.0,2178,0.15335169880624427,0.31762585449834624,2.0712248835251437,0.7444113941314767,0.04450820054816732,0.12057432261458687
TCN,10 Sept (urban arterial),3.0,2178,0.21212121212121213,0.4108635921749081,1.936928363110281,0.742319549137731,0.057867520960018765,0.15167003270579413
TCN,10 Sept (urban arterial),5.0,2178,0.3122130394857668,0.5397098501540093,1.7286589024050474,0.7458905992303464,0.06475191096993882,0.18520264185697533
TCN,12 Sept (urban loop),0.5,1131,0.042440318302387266,0.12853291575708445,3.0285568275263026,0.7890120036934442,0.018570058471574006,0.03936184467582914
TCN,12 Sept (urban loop),1.0,1131,0.07957559681697612,0.19563614802682266,2.458494260203738,0.7737325221475078,0.027159078719164106,0.06987917415209421
TCN,12 Sept (urban loop),2.0,1131,0.14588859416445624,0.33034555620826106,2.2643686307366258,0.7650668172407303,0.04533573251679836,0.11348535911532368
TCN,12 Sept (urban loop),3.0,1131,0.19982316534040673,0.40841100062260555,2.043862131434367,0.752715982985381,0.06759002334840383,0.14514671442736662
TCN,12 Sept (urban loop),5.0,1131,0.28470380194518125,0.5276762738283194,1.8534219431671717,0.7499404985834823,0.07762922426960722,0.1786712660446494
TCN,13 Sept (dense urban),0.5,3072,0.036783854166666664,0.11258315933894222,3.0606678361878807,0.7770772833443492,0.011062339219885569,0.0342418139396423
TCN,13 Sept (dense urban),1.0,3072,0.06477864583333333,0.17698933204942216,2.7322172264111804,0.757172566627079,0.018765886501771294,0.05785318514966097
TCN,13 Sept (dense urban),2.0,3072,0.12076822916666667,0.27825326633175246,2.3040270462834056,0.7511244213234392,0.032068313914351165,0.09826856987977454
TCN,13 Sept (dense urban),3.0,3072,0.1708984375,0.3632770827352308,2.1256899012621506,0.748225176211042,0.042519485105812126,0.12770148298971296
TCN,13 Sept (dense urban),5.0,3072,0.2548828125,0.45622606921924946,1.7899444248295457,0.732490945925513,0.05437451243374703,0.16947681966246797
TCN,15 Sept (highway),0.5,2205,0.022222222222222223,0.04817930390457039,2.1680686757056673,0.7336810419900799,0.01241125383795164,0.02186283198734937
TCN,15 Sept (highway),1.0,2205,0.050793650793650794,0.10762099241518847,2.1187882881740228,0.7288154392191659,0.022045672831892155,0.047625298855714385
TCN,15 Sept (highway),2.0,2205,0.09523809523809523,0.18104321473174081,1.9009537546832787,0.7177515216612961,0.029702200622875763,0.08392681625857959
TCN,15 Sept (highway),3.0,2205,0.1360544217687075,0.25919008897065365,1.9050471539343041,0.7203482064741907,0.037052044747728156,0.11164086792654537
TCN,15 Sept (highway),5.0,2205,0.20770975056689342,0.37963320746804563,1.827710092722796,0.7224099704296574,0.038675239495229115,0.1504410874917729
Transformer,10 Sept (urban arterial),0.5,2178,0.050045913682277315,0.10640670270168448,2.126181637470356,0.726397985110034,0.02330795159426019,0.047380158430181715
Transformer,10 Sept (urban arterial),1.0,2178,0.08356290174471992,0.17649088009769037,2.1120721805097236,0.722257702217622,0.03913441016690826,0.07482178148277793
Transformer,10 Sept (urban arterial),2.0,2178,0.15335169880624427,0.3012036480553127,1.9641363636660807,0.7250103913647759,0.056924269009264075,0.12250383995387344
Transformer,10 Sept (urban arterial),3.0,2178,0.21212121212121213,0.39364520546454324,1.855755968618561,0.7254689754689754,0.06064110330240713,0.15405639720176087
Transformer,10 Sept (urban arterial),5.0,2178,0.3122130394857668,0.5197767081410487,1.6648142210752999,0.7265491243226263,0.0826607304846142,0.19427290036075454
Transformer,12 Sept (urban loop),0.5,1131,0.042440318302387266,0.10459797420060796,2.4645897671018253,0.7922437673130194,0.026195500036133378,0.0396283081521932
Transformer,12 Sept (urban loop),1.0,1131,0.07957559681697612,0.17157823645886564,2.1561665048330783,0.7600811185825596,0.03884842124900176,0.07032496393050991
Transformer,12 Sept (urban loop),2.0,1131,0.14588859416445624,0.2856925741051313,1.9582927352297184,0.7502854633289416,0.045003973380183526,0.11552778398665009
Transformer,12 Sept (urban loop),3.0,1131,0.19982316534040673,0.3706826086412754,1.8550532317401878,0.7460176991150442,0.05514633732842655,0.14472683513327914
Transformer,12 Sept (urban loop),5.0,1131,0.28470380194518125,0.5063993896695087,1.778688539491349,0.7463550583881642,0.056657841168355,0.17609148034741634
Transformer,13 Sept (dense urban),0.5,3072,0.036783854166666664,0.10994998845738595,2.9890828720450413,0.77346299126409,0.016947645034330588,0.03462345753612595
Transformer,13 Sept (dense urban),1.0,3072,0.06477864583333333,0.1665797839197781,2.571523096490243,0.7520713557344676,0.02311446688448389,0.05824462739684027
Transformer,13 Sept (dense urban),2.0,3072,0.12076822916666667,0.27575794604825327,2.2833649872243504,0.7487623132492608,0.04068261480683254,0.09960141885815121
Transformer,13 Sept (dense urban),3.0,3072,0.1708984375,0.3572604655764182,2.0904840957157274,0.745743077757212,0.052465051043933876,0.13047724740150843
Transformer,13 Sept (dense urban),5.0,3072,0.2548828125,0.4640490958394002,1.8206370656687578,0.7348142345506049,0.0814285627566278,0.17389572823020305
Transformer,15 Sept (highway),0.5,2205,0.022222222222222223,0.07531455122468646,3.3891548051108904,0.7624853280829956,0.014875042952107195,0.021540091257759898
Transformer,15 Sept (highway),1.0,2205,0.050793650793650794,0.1146516795834705,2.2572049417995754,0.7359011330284623,0.02187005258020991,0.047135848449445156
Transformer,15 Sept (highway),2.0,2205,0.09523809523809523,0.18705509718056829,1.9640785203959672,0.7224012411982336,0.03776152678177559,0.08439792995162665
Transformer,15 Sept (highway),3.0,2205,0.1360544217687075,0.26173411310531913,1.9237457313240955,0.7255765529308836,0.04949824222541631,0.11337141983604063
Transformer,15 Sept (highway),5.0,2205,0.20770975056689342,0.3841006446139179,1.8492181689381857,0.7291801541257252,0.07863153684166282,0.1556059335733699
Dwell time only (LightGBM),10 Sept (urban arterial),0.5,2178,0.050045913682277315,0.08389520102208581,1.6763646589550725,0.6708022756195653,0.022246899315274536,0.04712701311724624
Dwell time only (LightGBM),10 Sept (urban arterial),1.0,2178,0.08356290174471992,0.12748509234299682,1.5256183028738852,0.6501698451848752,0.021997266169791432,0.07539507064742562
Dwell time only (LightGBM),10 Sept (urban arterial),2.0,2178,0.15335169880624427,0.231227949529292,1.5078277666910116,0.658117604270851,0.03727440116129932,0.12617161259917564
Dwell time only (LightGBM),10 Sept (urban arterial),3.0,2178,0.21212121212121213,0.3130235065060646,1.4756822449571616,0.6611690077599168,0.04872889859572484,0.16080566147095232
Dwell time only (LightGBM),10 Sept (urban arterial),5.0,2178,0.3122130394857668,0.4601545682237501,1.4738480141048935,0.67777870493992,0.07542382435486673,0.2021881239008154
Dwell time only (LightGBM),12 Sept (urban loop),0.5,1131,0.042440318302387266,0.10096593384546731,2.3790098162338236,0.7005809479839951,0.021140223162173462,0.03978770088984118
Dwell time only (LightGBM),12 Sept (urban loop),1.0,1131,0.07957559681697612,0.15226333204935488,1.9134425394202264,0.6736791546589818,0.01959939064409834,0.07123370123325888
Dwell time only (LightGBM),12 Sept (urban loop),2.0,1131,0.14588859416445624,0.265286875124649,1.8184209440362302,0.678119706380576,0.04222036789785897,0.11894280906152543
Dwell time only (LightGBM),12 Sept (urban loop),3.0,1131,0.19982316534040673,0.32984800508133083,1.6506995298539167,0.6698454994377354,0.04435583968039614,0.15124999021373678
Dwell time only (LightGBM),12 Sept (urban loop),5.0,1131,0.28470380194518125,0.41874677857615195,1.4708155483528815,0.6570261575904612,0.04899966353260692,0.19180675246423065
Dwell time only (LightGBM),13 Sept (dense urban),0.5,3072,0.036783854166666664,0.05647616036178716,1.5353518993930104,0.6131750441879731,0.016599962002057135,0.03546755554825289
Dwell time only (LightGBM),13 Sept (dense urban),1.0,3072,0.06477864583333333,0.10065835104506007,1.553881680454395,0.6233027301491796,0.02143375885274662,0.060368719221759126
Dwell time only (LightGBM),13 Sept (dense urban),2.0,3072,0.12076822916666667,0.18445515276170638,1.5273483269109487,0.6245490588990201,0.03488126594369783,0.1049224753637837
Dwell time only (LightGBM),13 Sept (dense urban),3.0,3072,0.1708984375,0.2515069220231445,1.4716747894382856,0.621689756389403,0.04662867976342437,0.13952762350979997
Dwell time only (LightGBM),13 Sept (dense urban),5.0,3072,0.2548828125,0.3569974015441747,1.4006334834530072,0.6195849213881481,0.057141396398093465,0.18651990917506703
Dwell time only (LightGBM),15 Sept (highway),0.5,2205,0.022222222222222223,0.052723186130570435,2.3725433758756695,0.7033811669380183,0.016622985467160577,0.021721337680281227
Dwell time only (LightGBM),15 Sept (highway),1.0,2205,0.050793650793650794,0.08410637162509216,1.6558441913690018,0.6292467237731213,0.024776106016842932,0.048278025135845726
Dwell time only (LightGBM),15 Sept (highway),2.0,2205,0.09523809523809523,0.14669992221229497,1.5403491832290972,0.6231006086645184,0.04283668329433968,0.08601473882640776
Dwell time only (LightGBM),15 Sept (highway),3.0,2205,0.1360544217687075,0.20647784968537167,1.5176121951874817,0.6230262467191601,0.05545106929279879,0.11730852734184605
Dwell time only (LightGBM),15 Sept (highway),5.0,2205,0.20770975056689342,0.2982767063340689,1.4360265010188251,0.619873619904865,0.07056190573266884,0.16353631428858503
History block only (LightGBM),10 Sept (urban arterial),0.5,2178,0.050045913682277315,0.08639648552813987,1.7263444539476023,0.6882906691616302,0.014466413606128267,0.04686920462995803
History block only (LightGBM),10 Sept (urban arterial),1.0,2178,0.08356290174471992,0.14179452439618423,1.6968597479938972,0.6779493052038142,0.018179454783556773,0.07460371480285781
History block only (LightGBM),10 Sept (urban arterial),2.0,2178,0.15335169880624427,0.25488785256030694,1.6621130026237978,0.6814933040643225,0.042873803344788644,0.12380141335894858
History block only (LightGBM),10 Sept (urban arterial),3.0,2178,0.21212121212121213,0.34181692347766557,1.611422639251852,0.6821997446997448,0.05271008282127934,0.1569150862013926
History block only (LightGBM),10 Sept (urban arterial),5.0,2178,0.3122130394857668,0.49951275757875524,1.5999099794213658,0.696088412000314,0.07585604659391419,0.19586112139402326
History block only (LightGBM),12 Sept (urban loop),0.5,1131,0.042440318302387266,0.10496875208182951,2.473326220928108,0.6573945829485994,0.012552415291989966,0.04007383841088676
History block only (LightGBM),12 Sept (urban loop),1.0,1131,0.07957559681697612,0.1750148776540763,2.1993536291862257,0.6516810758885687,0.021334066753469983,0.0715402828988102
History block only (LightGBM),12 Sept (urban loop),2.0,1131,0.14588859416445624,0.2441105443234591,1.6732668219989832,0.646427002948742,0.033713922474860276,0.1203505545504127
History block only (LightGBM),12 Sept (urban loop),3.0,1131,0.19982316534040673,0.30780775140449146,1.540400738223362,0.6454603236688994,0.04330828359508533,0.15331669158017258
History block only (LightGBM),12 Sept (urban loop),5.0,1131,0.28470380194518125,0.40684333438758385,1.4290056248209855,0.6399012660365914,0.056468817620090074,0.19464852505837107
History block only (LightGBM),13 Sept (dense urban),0.5,3072,0.036783854166666664,0.07183783725121125,1.9529720003161148,0.6534212407324885,0.009184898732591689,0.03498599894714036
History block only (LightGBM),13 Sept (dense urban),1.0,3072,0.06477864583333333,0.11652630088870605,1.7988381725130906,0.6516947774025015,0.016161536888195147,0.05958911577641703
History block only (LightGBM),13 Sept (dense urban),2.0,3072,0.12076822916666667,0.20917192374950344,1.7320111853328155,0.6481272285097563,0.022092306572353004,0.10290412591179159
History block only (LightGBM),13 Sept (dense urban),3.0,3072,0.1708984375,0.28526371350616553,1.6692002436017914,0.6486865967431339,0.027724941266287523,0.13572831357724516
History block only (LightGBM),13 Sept (dense urban),5.0,3072,0.2548828125,0.4014399940308695,1.5749982907571278,0.6451907534898149,0.03812916943117817,0.17911645855294425
History block only (LightGBM),15 Sept (highway),0.5,2205,0.022222222222222223,0.0413030770426097,1.8586384669174365,0.6647514293286887,0.020810589646344732,0.022051513680313117
History block only (LightGBM),15 Sept (highway),1.0,2205,0.050793650793650794,0.07483484892269834,1.4733110881656237,0.612677888881305,0.030073136876282106,0.049083866737504096
History block only (LightGBM),15 Sept (highway),2.0,2205,0.09523809523809523,0.13540876757752088,1.4217920595639693,0.6095918367346939,0.044658546544460824,0.0877105125537887
History block only (LightGBM),15 Sept (highway),3.0,2205,0.1360544217687075,0.19410008015986202,1.4266355891749858,0.6098363954505687,0.06487723312719924,0.11949902290965507
History block only (LightGBM),15 Sept (highway),5.0,2205,0.20770975056689342,0.2932611501723669,1.4118795548691465,0.6012671754198714,0.08168867805583957,0.16550700615645467
Hawkes-kernel intensity (LR),10 Sept (urban arterial),0.5,2178,0.050045913682277315,0.09846900036201398,1.9675732365914353,0.6855237428000053,0.020709905569887322,0.046964360020281586
Hawkes-kernel intensity (LR),10 Sept (urban arterial),1.0,2178,0.08356290174471992,0.1470275797815271,1.7594838943086049,0.6825601752956464,0.029076662958143765,0.07511575496768999
Hawkes-kernel intensity (LR),10 Sept (urban arterial),2.0,2178,0.15335169880624427,0.26109121672258107,1.702564880304735,0.687323833894034,0.05406814195944226,0.12513688018146127
Hawkes-kernel intensity (LR),10 Sept (urban arterial),3.0,2178,0.21212121212121213,0.3447086933032542,1.6250552684296269,0.6910021796385433,0.07269919310144174,0.1592594501945008
Hawkes-kernel intensity (LR),10 Sept (urban arterial),5.0,2178,0.3122130394857668,0.4959740832176812,1.588575813600161,0.7069985470823844,0.1013836501058951,0.19876865967498325
Hawkes-kernel intensity (LR),12 Sept (urban loop),0.5,1131,0.042440318302387266,0.08402484687649729,1.9798354545274675,0.6817674669128962,0.01632109867017714,0.04006156850540859
Hawkes-kernel intensity (LR),12 Sept (urban loop),1.0,1131,0.07957559681697612,0.14668308499350557,1.84331743475172,0.6735137154445512,0.025427105326240953,0.07144463620277472
Hawkes-kernel intensity (LR),12 Sept (urban loop),2.0,1131,0.14588859416445624,0.2512273172009837,1.7220490651776517,0.6767488550097246,0.032915540140938296,0.11916091479068469
Hawkes-kernel intensity (LR),12 Sept (urban loop),3.0,1131,0.19982316534040673,0.3331454864630332,1.6672015273880112,0.6749058817777344,0.04251562899059572,0.15043167399120547
Hawkes-kernel intensity (LR),12 Sept (urban loop),5.0,1131,0.28470380194518125,0.43577066428237765,1.5306106251657428,0.664018533731545,0.06649277573543876,0.19038440970245007
Hawkes-kernel intensity (LR),13 Sept (dense urban),0.5,3072,0.036783854166666664,0.07248008845536107,1.9704321392466302,0.6522264457916002,0.01153546262893381,0.035038730830231436
Hawkes-kernel intensity (LR),13 Sept (dense urban),1.0,3072,0.06477864583333333,0.12230823503457744,1.8880949649558891,0.659022575459966,0.017010030274304064,0.05946522074569891
Hawkes-kernel intensity (LR),13 Sept (dense urban),2.0,3072,0.12076822916666667,0.20754489720362584,1.7185388792709935,0.6565083711633207,0.026599754540718785,0.10309185454490721
Hawkes-kernel intensity (LR),13 Sept (dense urban),3.0,3072,0.1708984375,0.2854426539501428,1.6702473008282641,0.6574158206667041,0.0349571573509982,0.13566915982544978
Hawkes-kernel intensity (LR),13 Sept (dense urban),5.0,3072,0.2548828125,0.4034171467534552,1.5827553956917169,0.6558335802245957,0.0425081411974926,0.17830362407566377
Hawkes-kernel intensity (LR),15 Sept (highway),0.5,2205,0.022222222222222223,0.04100944493477607,1.845425022064923,0.6984495096739994,0.02129401874069686,0.02202998102069182
Hawkes-kernel intensity (LR),15 Sept (highway),1.0,2205,0.050793650793650794,0.07698194169520131,1.5155819771242758,0.6384163197051396,0.029222443063869563,0.04848331592089391
Hawkes-kernel intensity (LR),15 Sept (highway),2.0,2205,0.09523809523809523,0.13600945498822561,1.428099277376369,0.6399427139276764,0.043181985776376365,0.08704521447074653
Hawkes-kernel intensity (LR),15 Sept (highway),3.0,2205,0.1360544217687075,0.1917253935256989,1.4091816424138868,0.6439440069991251,0.05206327573986429,0.1185303263182612
Hawkes-kernel intensity (LR),15 Sept (highway),5.0,2205,0.20770975056689342,0.2893415329400995,1.3930089085871604,0.6503538192734645,0.06729567992628946,0.16426540581429727
