learner,stratum,horizon_s,n,prevalence,auprc,lift,auroc,ece,brier
Event A3 rule (deployed parameters),quiet (no handover in previous 10 s),0.5,5518,0.020659659296846683,0.044669276568832475,2.162149720235242,0.671382958692067,0.2883388211034855,0.2554786618109333
Event A3 rule (deployed parameters),quiet (no handover in previous 10 s),1.0,5518,0.04313156940920623,0.0851271524764545,1.9736622998532602,0.6813192322383499,0.281089817841434,0.2522154736053896
Event A3 rule (deployed parameters),quiet (no handover in previous 10 s),2.0,5518,0.08372598767669445,0.15633208977262503,1.8671871674574565,0.6750397710148501,0.27094121327456194,0.2506990367392937
Event A3 rule (deployed parameters),quiet (no handover in previous 10 s),3.0,5518,0.12232693004711852,0.21368687285429225,1.746850613940718,0.6672376320156621,0.2649607855833695,0.25257428547553507
Event A3 rule (deployed parameters),quiet (no handover in previous 10 s),5.0,5518,0.19300471185212034,0.30224280725164876,1.5659866764456316,0.6562439838522114,0.2654492881030175,0.2624609146101908
Event A3 rule (deployed parameters),in burst (handover 2-10 s earlier),0.5,3068,0.06681877444589308,0.09093805617926476,1.3609656407706552,0.6329672950938381,0.4864598687300439,0.4472549880201711
Event A3 rule (deployed parameters),in burst (handover 2-10 s earlier),1.0,3068,0.11245110821382008,0.1469453845719606,1.3067491010631163,0.6259214314987199,0.4597323589516866,0.4312821959163959
Event A3 rule (deployed parameters),in burst (handover 2-10 s earlier),2.0,3068,0.2014341590612777,0.25336539559328725,1.2578074978644098,0.6191552737599894,0.4140727254193766,0.40517945107851444
Event A3 rule (deployed parameters),in burst (handover 2-10 s earlier),3.0,3068,0.273142112125163,0.33190410479647847,1.215133405149876,0.6116747113028029,0.3873452156410194,0.39047133334015965
Event A3 rule (deployed parameters),in burst (handover 2-10 s earlier),5.0,3068,0.38396349413298564,0.44616002594953424,1.161985534476376,0.6015899964966179,0.3580101439330663,0.3776031782594734
Logistic regression,quiet (no handover in previous 10 s),0.5,5518,0.020659659296846683,0.04642099199458373,2.2469388932115177,0.6621605828041607,0.11619288373360893,0.03609619221361371
Logistic regression,quiet (no handover in previous 10 s),1.0,5518,0.04313156940920623,0.09781391409586548,2.267803268827671,0.6792661382734912,0.20434717144036307,0.08833491032617881
Logistic regression,quiet (no handover in previous 10 s),2.0,5518,0.08372598767669445,0.16959999911687645,2.0256554007076284,0.6754625253438544,0.26961683216044663,0.154927929429115
Logistic regression,quiet (no handover in previous 10 s),3.0,5518,0.12232693004711852,0.22908507514058274,1.8727280661122008,0.6692558178661834,0.3176617471323646,0.2129413289712491
Logistic regression,quiet (no handover in previous 10 s),5.0,5518,0.19300471185212034,0.3309027154175943,1.7144799846706904,0.6661049311062122,0.3364871636228178,0.2674065711523454
Logistic regression,in burst (handover 2-10 s earlier),0.5,3068,0.06681877444589308,0.09340797524300115,1.3979300880269636,0.6010836322125009,0.109908525798004,0.0765940497157498
Logistic regression,in burst (handover 2-10 s earlier),1.0,3068,0.11245110821382008,0.15703341255207057,1.396459448434065,0.6084061164423297,0.2003780663090523,0.14503343318307332
Logistic regression,in burst (handover 2-10 s earlier),2.0,3068,0.2014341590612777,0.2698407603776792,1.3395978201273782,0.6064790964929662,0.23872837052930193,0.22105813100327884
Logistic regression,in burst (handover 2-10 s earlier),3.0,3068,0.273142112125163,0.3579542825156531,1.3105056548425102,0.6117597953701425,0.26595107841262755,0.2694112079087253
Logistic regression,in burst (handover 2-10 s earlier),5.0,3068,0.38396349413298564,0.4892767403812932,1.2742793204497518,0.6188019331482829,0.2550826482843749,0.29583495088633266
LightGBM,quiet (no handover in previous 10 s),0.5,5518,0.020659659296846683,0.0649442757527845,3.143530821086534,0.7637292713649408,0.008519255034367658,0.020050396816525193
LightGBM,quiet (no handover in previous 10 s),1.0,5518,0.04313156940920623,0.13307804509207746,3.085397700916317,0.7715853386809269,0.01624113494723558,0.03988496949830819
LightGBM,quiet (no handover in previous 10 s),2.0,5518,0.08372598767669445,0.2168911850321211,2.590488222959403,0.7489340169324347,0.023518950461373575,0.07306147715467216
LightGBM,quiet (no handover in previous 10 s),3.0,5518,0.12232693004711852,0.2817874207071063,2.3035599814249075,0.7405373161722532,0.032870887870502304,0.10185881959194683
LightGBM,quiet (no handover in previous 10 s),5.0,5518,0.19300471185212034,0.38325064329583114,1.9857061499590574,0.7322421240520449,0.04763494892621081,0.14546839452786023
LightGBM,in burst (handover 2-10 s earlier),0.5,3068,0.06681877444589308,0.13087706689001086,1.9586870303344066,0.7134457289386027,0.016130526381930035,0.06052324590188932
LightGBM,in burst (handover 2-10 s earlier),1.0,3068,0.11245110821382008,0.21179030723649792,1.8833990220335524,0.7203255148041109,0.019760283267260585,0.09487796519822057
LightGBM,in burst (handover 2-10 s earlier),2.0,3068,0.2014341590612777,0.3307298252720794,1.6418755727099346,0.7059883759328975,0.03013965068637835,0.15063084165131174
LightGBM,in burst (handover 2-10 s earlier),3.0,3068,0.273142112125163,0.41856240493392893,1.5323979216435488,0.6981575821141518,0.04126758099996326,0.18489204686780963
LightGBM,in burst (handover 2-10 s earlier),5.0,3068,0.38396349413298564,0.5447145834263659,1.4186624295009258,0.6899529289172752,0.053879685145725734,0.21751948988557487
MLP,quiet (no handover in previous 10 s),0.5,5518,0.020659659296846683,0.07305073960849527,3.5359121154357624,0.7772247977456596,0.01679434658032334,0.020417857062545834
MLP,quiet (no handover in previous 10 s),1.0,5518,0.04313156940920623,0.12111363754379739,2.808004420028042,0.7510058568882099,0.029087096176095478,0.041815457052684676
MLP,quiet (no handover in previous 10 s),2.0,5518,0.08372598767669445,0.19097911549555116,2.281001643516128,0.7263022117650282,0.04324214741004514,0.07671422857719193
MLP,quiet (no handover in previous 10 s),3.0,5518,0.12232693004711852,0.2577039195911704,2.1066818197097454,0.7177464228630861,0.05292882531553264,0.10590565598003847
MLP,quiet (no handover in previous 10 s),5.0,5518,0.19300471185212034,0.3602281273687006,1.8664214148549199,0.7101568916455541,0.06087681974517475,0.1485064323718175
MLP,in burst (handover 2-10 s earlier),0.5,3068,0.06681877444589308,0.12546532142840747,1.8776956397188007,0.6713544550744145,0.020211499139039885,0.061563678703881144
MLP,in burst (handover 2-10 s earlier),1.0,3068,0.11245110821382008,0.2140216092543243,1.9032414411370058,0.6894356714408127,0.030957915327104284,0.0973992359627826
MLP,in burst (handover 2-10 s earlier),2.0,3068,0.2014341590612777,0.35008566160605203,1.7379657116624072,0.6923347202958854,0.03166135339046893,0.15103622772310024
MLP,in burst (handover 2-10 s earlier),3.0,3068,0.273142112125163,0.43856630123292545,1.6056341434160086,0.6879073600393849,0.04368655203943839,0.18453793831248294
MLP,in burst (handover 2-10 s earlier),5.0,3068,0.38396349413298564,0.55477228620274,1.4448568540492415,0.6852889391938628,0.05668860857536555,0.2167905855911721
GRU,quiet (no handover in previous 10 s),0.5,5518,0.020659659296846683,0.045130436879715956,2.1844714973883566,0.7067068578181204,0.02171303802632877,0.02294626628635952
GRU,quiet (no handover in previous 10 s),1.0,5518,0.04313156940920623,0.08819591814321,2.044811245017785,0.6962431563534504,0.03605826335338142,0.047230656318690556
GRU,quiet (no handover in previous 10 s),2.0,5518,0.08372598767669445,0.16534647879159245,1.974852532406942,0.6943877917968109,0.046120212978105174,0.08419224217257262
GRU,quiet (no handover in previous 10 s),3.0,5518,0.12232693004711852,0.23133964320114475,1.8911587424946916,0.6936061975665527,0.05167680287816265,0.11451338016618245
GRU,quiet (no handover in previous 10 s),5.0,5518,0.19300471185212034,0.33850987546093475,1.7538943594304581,0.6886669218093199,0.05863354366528782,0.15820094013265137
GRU,in burst (handover 2-10 s earlier),0.5,3068,0.06681877444589308,0.10704786092813194,1.6020626211097992,0.6366083674808107,0.02549538461864642,0.0628973128902329
GRU,in burst (handover 2-10 s earlier),1.0,3068,0.11245110821382008,0.1716618999356317,1.5265469826159943,0.6452836013135554,0.039095109938176394,0.10175500168943395
GRU,in burst (handover 2-10 s earlier),2.0,3068,0.2014341590612777,0.3036012002324548,1.507198191445261,0.6519787332408692,0.057296209163584945,0.15994692299915295
GRU,in burst (handover 2-10 s earlier),3.0,3068,0.273142112125163,0.4042636865905662,1.4800489146299012,0.6556423044404251,0.06537239946447625,0.19411947765583906
GRU,in burst (handover 2-10 s earlier),5.0,3068,0.38396349413298564,0.5283156854606321,1.3759529057667397,0.6527524007150494,0.0735276955423123,0.22813032061449776
TCN,quiet (no handover in previous 10 s),0.5,5518,0.020659659296846683,0.07488827687229374,3.6248553665027794,0.7834206630566053,0.01061160882429266,0.020077088990831576
TCN,quiet (no handover in previous 10 s),1.0,5518,0.04313156940920623,0.11216859886408642,2.6006148257648274,0.754424497071556,0.01958440366078794,0.041473216483639636
TCN,quiet (no handover in previous 10 s),2.0,5518,0.08372598767669445,0.19279617525879225,2.302704101900467,0.7416626424735602,0.03147375327284617,0.075459864532361
TCN,quiet (no handover in previous 10 s),3.0,5518,0.12232693004711852,0.261697719482946,2.139330394232439,0.7365599834813132,0.04370901766672533,0.10381668416206917
TCN,quiet (no handover in previous 10 s),5.0,5518,0.19300471185212034,0.3662407113662344,1.8975739392665552,0.7307644052803987,0.0497176371810948,0.14507114299170268
TCN,in burst (handover 2-10 s earlier),0.5,3068,0.06681877444589308,0.12516255437049684,1.8731644722374845,0.677270132813099,0.018260958964334578,0.06130514841664055
TCN,in burst (handover 2-10 s earlier),1.0,3068,0.11245110821382008,0.20814796389270135,1.8510085600661093,0.6921825352472497,0.027372701945951428,0.09652402548255676
TCN,in burst (handover 2-10 s earlier),2.0,3068,0.2014341590612777,0.34975287265739063,1.7363136137748778,0.6938356119146688,0.035341332012909704,0.15042860490393373
TCN,in burst (handover 2-10 s earlier),3.0,3068,0.273142112125163,0.4502410726219269,1.6483766238712074,0.6940922760790693,0.050524514364398386,0.18256351745981234
TCN,in burst (handover 2-10 s earlier),5.0,3068,0.38396349413298564,0.5754349168077012,1.4986709038760844,0.6916680141213248,0.06139185411393358,0.21424425578723474
Transformer,quiet (no handover in previous 10 s),0.5,5518,0.020659659296846683,0.05415147037500756,2.6211211713095763,0.7324512706637059,0.013056116413347125,0.020484222776400805
Transformer,quiet (no handover in previous 10 s),1.0,5518,0.04313156940920623,0.10041609228327956,2.328134442097213,0.7017371721415839,0.02118228934907792,0.04114683920710511
Transformer,quiet (no handover in previous 10 s),2.0,5518,0.08372598767669445,0.17753031533066665,2.1203729004212524,0.7029533296345004,0.0334267411396759,0.07532184003405457
Transformer,quiet (no handover in previous 10 s),3.0,5518,0.12232693004711852,0.239961962699271,1.9616446076660405,0.6993412408898678,0.039965155221304914,0.1040266484349828
Transformer,quiet (no handover in previous 10 s),5.0,5518,0.19300471185212034,0.3447806576789467,1.786384665795707,0.6939965566284901,0.05729521088184216,0.1481430777416823
Transformer,in burst (handover 2-10 s earlier),0.5,3068,0.06681877444589308,0.11929053250262076,1.7852846522831245,0.6673913599073118,0.022008462943806956,0.06155176762556263
Transformer,in burst (handover 2-10 s earlier),1.0,3068,0.11245110821382008,0.19363232550369944,1.7219245641894199,0.6795078957032685,0.03772475493052689,0.09723375382145075
Transformer,in burst (handover 2-10 s earlier),2.0,3068,0.2014341590612777,0.31713939982803485,1.5744072470427362,0.6710838121656431,0.047766917681030883,0.15447274057239302
Transformer,in burst (handover 2-10 s earlier),3.0,3068,0.273142112125163,0.4135000011033073,1.5138639658531585,0.673066344167728,0.05401187707734388,0.18774834495855353
Transformer,in burst (handover 2-10 s earlier),5.0,3068,0.38396349413298564,0.5365733576864072,1.3974593050780115,0.6668472255908587,0.06417687618048593,0.22234390447604716
Dwell time only (LightGBM),quiet (no handover in previous 10 s),0.5,5518,0.020659659296846683,0.026466906206953675,1.281091126754126,0.5290290168426247,0.010173058859958497,0.02031964544246036
Dwell time only (LightGBM),quiet (no handover in previous 10 s),1.0,5518,0.04313156940920623,0.05706086475957025,1.3229489569046582,0.549841243315508,0.015507402261968896,0.04138170563720646
Dwell time only (LightGBM),quiet (no handover in previous 10 s),2.0,5518,0.08372598767669445,0.10848842853932265,1.295755733073555,0.5551143213326757,0.025901659726999145,0.0769304018211157
Dwell time only (LightGBM),quiet (no handover in previous 10 s),3.0,5518,0.12232693004711852,0.15325597974485494,1.2528392536771995,0.556488708406941,0.03687002321597097,0.10788338345892454
Dwell time only (LightGBM),quiet (no handover in previous 10 s),5.0,5518,0.19300471185212034,0.24074256866772886,1.2473403698671623,0.5633798599667471,0.04209733382098005,0.1561631986216609
Dwell time only (LightGBM),in burst (handover 2-10 s earlier),0.5,3068,0.06681877444589308,0.0713985083373866,1.0685396272151324,0.5248664627757,0.017505201059521375,0.06270228192748677
Dwell time only (LightGBM),in burst (handover 2-10 s earlier),1.0,3068,0.11245110821382008,0.12038574744819497,1.0705607918001803,0.5171182678950645,0.026866388995638365,0.10050106881766215
Dwell time only (LightGBM),in burst (handover 2-10 s earlier),2.0,3068,0.2014341590612777,0.21715559200015203,1.0780475020331173,0.52767386566277,0.044850261766586665,0.16193235836715972
Dwell time only (LightGBM),in burst (handover 2-10 s earlier),3.0,3068,0.273142112125163,0.294547899273247,1.0783686813488327,0.5322185001658871,0.04677671957805644,0.19989964859843576
Dwell time only (LightGBM),in burst (handover 2-10 s earlier),5.0,3068,0.38396349413298564,0.4161399958046089,1.0838009398374704,0.5419512041753127,0.05123097559656306,0.23767189533599478
History block only (LightGBM),quiet (no handover in previous 10 s),0.5,5518,0.020659659296846683,0.026885179633469224,1.3013370282235366,0.5588298791018997,0.010914309170766736,0.020360532908462195
History block only (LightGBM),quiet (no handover in previous 10 s),1.0,5518,0.04313156940920623,0.06091506860114236,1.4123081871474938,0.5664223644003056,0.018281015277812753,0.04150398385437947
History block only (LightGBM),quiet (no handover in previous 10 s),2.0,5518,0.08372598767669445,0.1133401189981756,1.3537029797227986,0.5636248475943888,0.03179157928056422,0.07713578523265646
History block only (LightGBM),quiet (no handover in previous 10 s),3.0,5518,0.12232693004711852,0.15601783729171176,1.2754169276676526,0.5613903228026705,0.04249886619823405,0.10816544839707411
History block only (LightGBM),quiet (no handover in previous 10 s),5.0,5518,0.19300471185212034,0.23622967031065736,1.223958047675312,0.5600539384220586,0.04438209103724192,0.15647829940567473
History block only (LightGBM),in burst (handover 2-10 s earlier),0.5,3068,0.06681877444589308,0.0784781956461776,1.174493191426697,0.5623318538459573,0.016038234255715347,0.062306321632520464
History block only (LightGBM),in burst (handover 2-10 s earlier),1.0,3068,0.11245110821382008,0.13300485936750533,1.1827794450420475,0.5615226173178559,0.024759132546028503,0.09963091841983779
History block only (LightGBM),in burst (handover 2-10 s earlier),2.0,3068,0.2014341590612777,0.23864990725850477,1.18475390852604,0.5741942408031173,0.02956817698530324,0.15959708199499226
History block only (LightGBM),in burst (handover 2-10 s earlier),3.0,3068,0.273142112125163,0.33013626242788946,1.2086611612515092,0.5888868970536297,0.040564220662070154,0.19516232610620599
History block only (LightGBM),in burst (handover 2-10 s earlier),5.0,3068,0.38396349413298564,0.47856854334765947,1.2463907393808313,0.6146621032868911,0.03408511197124636,0.22766442547793822
Hawkes-kernel intensity (LR),quiet (no handover in previous 10 s),0.5,5518,0.020659659296846683,0.024144995778817457,1.1687025149781993,0.5498850753827574,0.00899525305295033,0.020295721597732314
Hawkes-kernel intensity (LR),quiet (no handover in previous 10 s),1.0,5518,0.04313156940920623,0.05989797372367582,1.388726970618669,0.5922177393684747,0.014228674561473406,0.04119994327892953
Hawkes-kernel intensity (LR),quiet (no handover in previous 10 s),2.0,5518,0.08372598767669445,0.11557786328443406,1.3804299774967688,0.5939738992547536,0.02482505892590043,0.07634380148974124
Hawkes-kernel intensity (LR),quiet (no handover in previous 10 s),3.0,5518,0.12232693004711852,0.16664301666772358,1.3622758014407388,0.595988253378301,0.0349056016086815,0.10650998644789635
Hawkes-kernel intensity (LR),quiet (no handover in previous 10 s),5.0,5518,0.19300471185212034,0.2629306500249481,1.362301715340529,0.5996093787065533,0.04682229849182928,0.15332004172275449
Hawkes-kernel intensity (LR),in burst (handover 2-10 s earlier),0.5,3068,0.06681877444589308,0.08474057819902153,1.2682150922663322,0.5761004574768067,0.017534991692998048,0.06252324236916557
Hawkes-kernel intensity (LR),in burst (handover 2-10 s earlier),1.0,3068,0.11245110821382008,0.14230877503810502,1.2655168748316121,0.5827034334466994,0.02393053934662375,0.09995031961805476
Hawkes-kernel intensity (LR),in burst (handover 2-10 s earlier),2.0,3068,0.2014341590612777,0.24601295189494235,1.22130701685062,0.5849521167690377,0.04003987667849343,0.1612408403236786
Hawkes-kernel intensity (LR),in burst (handover 2-10 s earlier),3.0,3068,0.273142112125163,0.33292174522777274,1.2188590863470248,0.5953615805301968,0.050008873641575975,0.19798508119417593
Hawkes-kernel intensity (LR),in burst (handover 2-10 s earlier),5.0,3068,0.38396349413298564,0.4676453267596509,1.2179421583180043,0.6134139111218908,0.05694698129868658,0.23213066196231746
