capture,delta,exec_s,margin,prev_gap_s,next_gap_s,target_pci,pci_tm2,pci_tm1,pci_t,pci_tp1,next_target_pci,hit_-2,hit_-1,hit_0,hit_1,isolated,clean
XCAL10Sept,0.457,0.0,0.5429999999999999,9000000000.0,19.512,154,154.0,154.0,154.0,154.0,61.0,1.0,1.0,1.0,1.0,True,True
XCAL10Sept,0.969,0.099,-0.06799999999999998,19.512,1.2,61,154.0,154.0,154.0,61.0,154.0,0.0,0.0,0.0,1.0,True,False
XCAL10Sept,0.169,0.0,0.831,1.2,4.637,154,154.0,61.0,154.0,154.0,364.0,1.0,0.0,1.0,1.0,False,False
XCAL10Sept,0.806,0.076,0.11799999999999995,4.637,0.676,364,154.0,154.0,364.0,154.0,154.0,0.0,0.0,1.0,0.0,False,False
XCAL10Sept,0.482,0.0,0.518,0.676,3.01,154,154.0,364.0,154.0,154.0,200.0,1.0,0.0,1.0,1.0,False,False
XCAL10Sept,0.492,0.001,0.507,3.01,4.407,200,154.0,154.0,200.0,200.0,364.0,0.0,0.0,1.0,1.0,False,True
XCAL10Sept,0.899,0.0,0.10099999999999998,4.407,6.904,364,200.0,200.0,364.0,364.0,371.0,0.0,0.0,1.0,1.0,False,True
XCAL10Sept,0.803,0.001,0.19599999999999995,6.904,12.808,371,364.0,364.0,371.0,371.0,371.0,0.0,0.0,1.0,1.0,False,True
XCAL10Sept,0.611,0.098,0.29100000000000004,12.808,2.199,371,371.0,371.0,371.0,371.0,389.0,1.0,1.0,1.0,1.0,True,True
XCAL10Sept,0.81,0.001,0.18899999999999995,2.199,1.2,389,371.0,371.0,389.0,389.0,369.0,0.0,0.0,1.0,1.0,False,False
XCAL10Sept,0.01,0.001,0.989,1.2,8.734,369,389.0,389.0,369.0,369.0,369.0,0.0,0.0,1.0,1.0,False,False
XCAL10Sept,0.744,0.002,0.254,8.734,5.5,369,369.0,369.0,369.0,369.0,200.0,1.0,1.0,1.0,1.0,True,True
XCAL10Sept,0.244,0.0,0.756,5.5,1.198,200,369.0,369.0,200.0,200.0,200.0,0.0,0.0,1.0,1.0,False,False
XCAL10Sept,0.442,0.001,0.557,1.198,16.591,200,369.0,200.0,200.0,200.0,200.0,0.0,1.0,1.0,1.0,False,False
XCAL10Sept,0.033,0.002,0.965,16.591,4.396,200,200.0,200.0,200.0,200.0,199.0,1.0,1.0,1.0,1.0,True,True
XCAL10Sept,0.429,0.0,0.571,4.396,17.949,199,200.0,200.0,199.0,199.0,382.0,0.0,0.0,1.0,1.0,False,True
XCAL10Sept,0.378,0.001,0.621,17.949,6.907,382,199.0,199.0,382.0,382.0,382.0,0.0,0.0,1.0,1.0,True,True
XCAL10Sept,0.285,0.001,0.7140000000000001,6.907,2.313,382,382.0,382.0,382.0,382.0,5.0,1.0,1.0,1.0,1.0,False,True
XCAL10Sept,0.598,0.085,0.317,2.313,6.12,5,382.0,382.0,5.0,5.0,58.0,0.0,0.0,1.0,1.0,False,True
XCAL10Sept,0.718,0.076,0.20600000000000002,6.12,1.677,58,5.0,5.0,58.0,58.0,5.0,0.0,0.0,1.0,1.0,False,False
XCAL10Sept,0.395,0.001,0.604,1.677,5.103,5,58.0,58.0,58.0,5.0,28.0,0.0,0.0,0.0,1.0,False,False
XCAL10Sept,0.498,0.1,0.402,5.103,4.003,28,5.0,5.0,5.0,28.0,5.0,0.0,0.0,0.0,1.0,False,True
XCAL10Sept,0.501,0.001,0.498,4.003,61.396,5,28.0,28.0,28.0,5.0,49.0,0.0,0.0,0.0,1.0,False,True
XCAL10Sept,0.897,0.1,0.002999999999999975,61.396,2.316,49,49.0,49.0,49.0,49.0,49.0,1.0,1.0,1.0,1.0,True,True
XCAL10Sept,0.213,0.0,0.787,2.316,8.001,49,49.0,49.0,49.0,49.0,23.0,1.0,1.0,1.0,1.0,False,True
XCAL10Sept,0.214,0.0,0.786,8.001,13.119,23,49.0,49.0,23.0,23.0,71.0,0.0,0.0,1.0,1.0,True,True
XCAL10Sept,0.333,0.001,0.666,13.119,1.799,71,491.0,491.0,491.0,71.0,71.0,0.0,0.0,0.0,1.0,True,False
XCAL10Sept,0.132,0.001,0.867,1.799,8.51,71,491.0,71.0,71.0,71.0,77.0,0.0,1.0,1.0,1.0,False,False
XCAL10Sept,0.642,0.102,0.256,8.51,231.179,77,71.0,71.0,71.0,77.0,291.0,0.0,0.0,0.0,1.0,True,True
XCAL10Sept,0.821,0.001,0.17800000000000005,231.179,4.204,291,288.0,288.0,288.0,291.0,291.0,0.0,0.0,0.0,1.0,True,True
XCAL10Sept,0.025,0.001,0.974,4.204,0.599,291,291.0,291.0,288.0,288.0,288.0,1.0,1.0,0.0,0.0,False,False
XCAL10Sept,0.624,0.1,0.276,0.599,1.905,288,291.0,291.0,288.0,288.0,291.0,0.0,0.0,1.0,1.0,False,False
XCAL10Sept,0.529,0.001,0.47,1.905,16.797,291,288.0,288.0,288.0,291.0,292.0,0.0,0.0,0.0,1.0,False,False
XCAL10Sept,0.326,0.0,0.6739999999999999,16.797,3.004,292,291.0,291.0,291.0,292.0,292.0,0.0,0.0,0.0,1.0,True,True
XCAL10Sept,0.33,0.0,0.6699999999999999,3.004,3.5,292,292.0,292.0,292.0,292.0,150.0,1.0,1.0,1.0,1.0,False,True
XCAL10Sept,0.83,0.001,0.16900000000000004,3.5,3.898,150,292.0,292.0,150.0,150.0,292.0,0.0,0.0,1.0,1.0,False,True
XCAL10Sept,0.728,0.001,0.271,3.898,15.202,292,150.0,150.0,292.0,292.0,37.0,0.0,0.0,1.0,1.0,False,True
XCAL10Sept,0.93,0.001,0.06899999999999995,15.202,52.242,37,292.0,292.0,37.0,37.0,131.0,0.0,0.0,1.0,1.0,True,True
XCAL10Sept,0.172,0.001,0.8270000000000001,52.242,0.997,131,37.0,37.0,131.0,37.0,37.0,0.0,0.0,1.0,0.0,True,False
XCAL10Sept,0.169,0.001,0.83,0.997,4.894,37,37.0,131.0,37.0,37.0,328.0,1.0,0.0,1.0,1.0,False,False
XCAL10Sept,0.063,0.001,0.936,4.894,20.633,328,37.0,37.0,328.0,328.0,308.0,0.0,0.0,1.0,1.0,False,True
XCAL10Sept,0.696,0.089,0.21500000000000005,20.633,39.433,308,328.0,328.0,308.0,308.0,1.0,0.0,0.0,1.0,1.0,True,True
XCAL10Sept,0.129,0.001,0.87,39.433,6.288,1,197.0,197.0,1.0,1.0,197.0,0.0,0.0,1.0,1.0,True,True
XCAL10Sept,0.417,0.1,0.483,6.288,9.429,197,1.0,1.0,197.0,197.0,225.0,0.0,0.0,1.0,1.0,False,True
XCAL10Sept,0.846,0.001,0.15300000000000002,9.429,34.103,225,197.0,197.0,197.0,225.0,196.0,0.0,0.0,0.0,1.0,True,True
XCAL10Sept,0.949,0.001,0.050000000000000044,34.103,10.506,196,225.0,225.0,225.0,196.0,195.0,0.0,0.0,0.0,1.0,True,True
XCAL10Sept,0.455,0.001,0.5439999999999999,10.506,1.598,195,196.0,196.0,195.0,195.0,196.0,0.0,0.0,1.0,1.0,True,False
XCAL10Sept,0.053,0.001,0.946,1.598,4.603,196,195.0,195.0,196.0,196.0,195.0,0.0,0.0,1.0,1.0,False,False
XCAL10Sept,0.656,0.001,0.34299999999999997,4.603,6.465,195,196.0,196.0,195.0,195.0,195.0,0.0,0.0,1.0,1.0,False,True
XCAL10Sept,0.121,0.001,0.878,6.465,10.303,195,195.0,195.0,195.0,195.0,196.0,1.0,1.0,1.0,1.0,False,True
XCAL10Sept,0.424,0.001,0.5750000000000001,10.303,11.999,196,195.0,195.0,195.0,196.0,501.0,0.0,0.0,0.0,1.0,True,True
XCAL10Sept,0.423,0.001,0.576,11.999,19.913,501,196.0,196.0,501.0,501.0,40.0,0.0,0.0,1.0,1.0,True,True
XCAL10Sept,0.336,0.0,0.6639999999999999,19.913,1.1,40,501.0,501.0,501.0,501.0,501.0,0.0,0.0,0.0,0.0,True,False
XCAL10Sept,0.436,0.001,0.5630000000000001,1.1,7.304,501,501.0,501.0,501.0,501.0,40.0,1.0,1.0,1.0,1.0,False,False
XCAL10Sept,0.74,0.001,0.259,7.304,3.01,40,501.0,501.0,40.0,40.0,501.0,0.0,0.0,1.0,1.0,False,True
XCAL10Sept,0.75,0.001,0.249,3.01,4.897,501,40.0,40.0,501.0,501.0,40.0,0.0,0.0,1.0,1.0,False,True
XCAL10Sept,0.647,0.099,0.254,4.897,1.106,40,501.0,501.0,501.0,40.0,41.0,0.0,0.0,0.0,1.0,False,False
XCAL10Sept,0.753,0.101,0.146,1.106,47.712,41,501.0,501.0,40.0,41.0,110.0,0.0,0.0,0.0,1.0,False,False
XCAL10Sept,0.465,0.001,0.5339999999999999,47.712,6.201,110,41.0,41.0,41.0,110.0,42.0,0.0,0.0,0.0,1.0,True,True
XCAL10Sept,0.666,0.001,0.33299999999999996,6.201,30.726,42,110.0,110.0,42.0,42.0,55.0,0.0,0.0,1.0,1.0,False,True
XCAL10Sept,0.392,0.001,0.607,30.726,1.306,55,110.0,110.0,110.0,55.0,1.0,0.0,0.0,0.0,1.0,True,False
XCAL10Sept,0.698,0.001,0.30100000000000005,1.306,3.099,1,110.0,110.0,55.0,1.0,207.0,0.0,0.0,0.0,1.0,False,False
XCAL10Sept,0.797,0.001,0.20199999999999996,3.099,1.105,207,1.0,1.0,207.0,207.0,55.0,0.0,0.0,1.0,1.0,False,False
XCAL10Sept,0.902,0.001,0.09699999999999998,1.105,1.403,55,1.0,207.0,207.0,55.0,55.0,0.0,0.0,0.0,1.0,False,False
XCAL10Sept,0.305,0.1,0.5950000000000001,1.403,2.0,55,207.0,55.0,55.0,55.0,207.0,0.0,1.0,1.0,1.0,False,False
XCAL10Sept,0.305,0.001,0.6940000000000001,2.0,2.599,207,55.0,55.0,207.0,207.0,1.0,0.0,0.0,1.0,1.0,False,False
XCAL10Sept,0.904,0.0,0.09599999999999997,2.599,7.7,1,207.0,207.0,207.0,1.0,55.0,0.0,0.0,0.0,1.0,False,True
XCAL10Sept,0.604,0.001,0.395,7.7,4.903,55,1.0,1.0,55.0,55.0,243.0,0.0,0.0,1.0,1.0,False,True
XCAL10Sept,0.507,0.001,0.492,4.903,2.701,243,55.0,55.0,243.0,243.0,56.0,0.0,0.0,1.0,1.0,False,True
XCAL10Sept,0.208,0.0,0.792,2.701,10.112,56,243.0,243.0,243.0,56.0,243.0,0.0,0.0,0.0,1.0,False,True
XCAL10Sept,0.32,0.001,0.6789999999999999,10.112,6.838,243,56.0,56.0,243.0,243.0,244.0,0.0,0.0,1.0,1.0,True,True
XCAL10Sept,0.158,0.0,0.842,6.838,36.006,244,243.0,243.0,244.0,244.0,259.0,0.0,0.0,1.0,1.0,False,True
XCAL10Sept,0.164,0.096,0.74,36.006,4.797,259,244.0,244.0,259.0,259.0,244.0,0.0,0.0,1.0,1.0,True,True
XCAL10Sept,0.961,0.0,0.039000000000000035,4.797,5.308,244,259.0,259.0,244.0,244.0,259.0,0.0,0.0,1.0,1.0,False,True
XCAL10Sept,0.269,0.001,0.73,5.308,3.007,259,244.0,244.0,259.0,259.0,244.0,0.0,0.0,1.0,1.0,False,True
XCAL10Sept,0.276,0.001,0.723,3.007,4.795,244,259.0,259.0,244.0,244.0,29.0,0.0,0.0,1.0,1.0,False,True
XCAL10Sept,0.071,0.001,0.928,4.795,0.599,29,244.0,244.0,244.0,244.0,244.0,0.0,0.0,0.0,0.0,False,False
XCAL10Sept,0.67,0.001,0.32899999999999996,0.599,1.006,244,244.0,244.0,244.0,244.0,259.0,1.0,1.0,1.0,1.0,False,False
XCAL10Sept,0.676,0.1,0.22399999999999995,1.006,3.606,259,244.0,244.0,244.0,259.0,281.0,0.0,0.0,0.0,1.0,False,False
XCAL10Sept,0.282,0.001,0.717,3.606,9.107,281,259.0,259.0,281.0,281.0,259.0,0.0,0.0,1.0,1.0,False,True
XCAL10Sept,0.389,0.001,0.61,9.107,2.298,259,281.0,281.0,259.0,259.0,27.0,0.0,0.0,1.0,1.0,True,True
XCAL10Sept,0.687,0.0,0.31299999999999994,2.298,3.204,27,259.0,259.0,27.0,27.0,29.0,0.0,0.0,1.0,1.0,False,True
XCAL10Sept,0.891,0.001,0.10799999999999998,3.204,3.7,29,27.0,27.0,29.0,29.0,27.0,0.0,0.0,1.0,1.0,False,True
XCAL10Sept,0.591,0.098,0.31100000000000005,3.7,1.299,27,29.0,29.0,27.0,29.0,29.0,0.0,0.0,1.0,0.0,False,False
XCAL10Sept,0.89,0.0,0.10999999999999999,1.299,4.919,29,29.0,27.0,29.0,29.0,27.0,1.0,0.0,1.0,1.0,False,False
XCAL10Sept,0.809,0.001,0.18999999999999995,4.919,1.6,27,29.0,29.0,27.0,27.0,91.0,0.0,0.0,1.0,1.0,False,False
XCAL10Sept,0.409,0.0,0.591,1.6,1.188,91,27.0,27.0,91.0,27.0,27.0,0.0,0.0,1.0,0.0,False,False
XCAL10Sept,0.597,0.001,0.402,1.188,2.401,27,27.0,91.0,27.0,27.0,91.0,1.0,0.0,1.0,1.0,False,False
XCAL10Sept,0.998,0.001,0.0010000000000000018,2.401,8.5,91,27.0,27.0,27.0,91.0,280.0,0.0,0.0,0.0,1.0,False,True
XCAL10Sept,0.498,0.001,0.501,8.5,2.801,280,91.0,91.0,280.0,280.0,265.0,0.0,0.0,1.0,1.0,True,True
XCAL10Sept,0.299,0.001,0.7000000000000001,2.801,4.006,265,280.0,280.0,265.0,265.0,280.0,0.0,0.0,1.0,1.0,False,True
XCAL10Sept,0.305,0.105,0.5900000000000001,4.006,2.014,280,265.0,265.0,280.0,280.0,270.0,0.0,0.0,1.0,1.0,False,True
XCAL10Sept,0.319,0.096,0.5850000000000001,2.014,5.597,270,280.0,280.0,270.0,270.0,280.0,0.0,0.0,1.0,1.0,False,True
XCAL10Sept,0.916,0.001,0.08299999999999996,5.597,2.02,280,270.0,270.0,280.0,280.0,270.0,0.0,0.0,1.0,1.0,False,True
XCAL10Sept,0.936,0.094,-0.030000000000000054,2.02,1.501,270,280.0,280.0,280.0,270.0,33.0,0.0,0.0,0.0,1.0,False,False
XCAL10Sept,0.437,0.0,0.563,1.501,1.902,33,280.0,270.0,270.0,33.0,33.0,0.0,0.0,0.0,1.0,False,False
XCAL10Sept,0.339,0.0,0.661,1.902,1.3,33,270.0,33.0,33.0,280.0,280.0,0.0,1.0,1.0,0.0,False,False
XCAL10Sept,0.639,0.001,0.36,1.3,7.601,280,33.0,33.0,280.0,280.0,42.0,0.0,0.0,1.0,1.0,False,False
XCAL10Sept,0.24,0.001,0.759,7.601,1.422,42,280.0,280.0,42.0,42.0,42.0,0.0,0.0,1.0,1.0,False,False
XCAL10Sept,0.662,0.079,0.25899999999999995,1.422,11.481,42,280.0,42.0,42.0,42.0,42.0,0.0,1.0,1.0,1.0,False,False
XCAL10Sept,0.143,0.0,0.857,11.481,2.101,42,265.0,265.0,42.0,42.0,265.0,0.0,0.0,1.0,1.0,True,True
XCAL10Sept,0.244,0.001,0.755,2.101,0.501,265,42.0,42.0,265.0,42.0,42.0,0.0,0.0,1.0,0.0,False,False
XCAL10Sept,0.745,0.001,0.254,0.501,1.704,42,42.0,42.0,265.0,42.0,29.0,1.0,1.0,0.0,1.0,False,False
XCAL10Sept,0.449,0.1,0.45099999999999996,1.704,3.308,29,265.0,42.0,42.0,29.0,42.0,0.0,0.0,0.0,1.0,False,False
XCAL10Sept,0.757,0.0,0.243,3.308,1.394,42,29.0,29.0,29.0,42.0,29.0,0.0,0.0,0.0,1.0,False,False
XCAL10Sept,0.151,0.001,0.848,1.394,4.036,29,29.0,42.0,29.0,29.0,264.0,1.0,0.0,1.0,1.0,False,False
XCAL10Sept,0.187,0.077,0.736,4.036,17.504,264,29.0,29.0,264.0,264.0,92.0,0.0,0.0,1.0,1.0,False,True
XCAL10Sept,0.691,0.001,0.30800000000000005,17.504,8.75,92,264.0,264.0,92.0,92.0,493.0,0.0,0.0,1.0,1.0,True,True
XCAL10Sept,0.441,0.0,0.5589999999999999,8.75,141.699,493,92.0,92.0,92.0,493.0,3.0,0.0,0.0,0.0,1.0,True,True
XCAL10Sept,0.14,0.0,0.86,141.699,2.727,3,380.0,380.0,3.0,3.0,380.0,0.0,0.0,1.0,1.0,True,True
XCAL10Sept,0.867,0.0,0.133,2.727,2.4,380,3.0,3.0,380.0,380.0,3.0,0.0,0.0,1.0,1.0,False,True
XCAL10Sept,0.267,0.001,0.732,2.4,2.178,3,380.0,380.0,3.0,3.0,49.0,0.0,0.0,1.0,1.0,False,True
XCAL10Sept,0.445,0.001,0.5539999999999999,2.178,8.501,49,3.0,3.0,3.0,49.0,380.0,0.0,0.0,0.0,1.0,False,True
XCAL10Sept,0.946,0.001,0.05300000000000005,8.501,2.401,380,49.0,49.0,49.0,380.0,49.0,0.0,0.0,0.0,1.0,True,True
XCAL10Sept,0.347,0.0,0.653,2.401,2.801,49,380.0,380.0,49.0,49.0,3.0,0.0,0.0,1.0,1.0,False,True
XCAL10Sept,0.148,0.001,0.851,2.801,2.285,3,49.0,49.0,3.0,3.0,49.0,0.0,0.0,1.0,1.0,False,True
XCAL10Sept,0.433,0.001,0.566,2.285,3.117,49,3.0,3.0,49.0,49.0,380.0,0.0,0.0,1.0,1.0,False,True
XCAL10Sept,0.55,0.0,0.44999999999999996,3.117,15.938,380,49.0,49.0,380.0,380.0,378.0,0.0,0.0,1.0,1.0,False,True
XCAL10Sept,0.488,0.001,0.511,15.938,15.204,378,380.0,380.0,380.0,378.0,49.0,0.0,0.0,0.0,1.0,True,True
XCAL10Sept,0.692,0.001,0.30700000000000005,15.204,3.806,49,378.0,378.0,378.0,49.0,89.0,0.0,0.0,0.0,1.0,True,True
XCAL10Sept,0.498,0.001,0.501,3.806,55.009,89,49.0,49.0,89.0,89.0,88.0,0.0,0.0,1.0,1.0,False,True
XCAL10Sept,0.507,0.002,0.491,55.009,1.895,88,56.0,56.0,88.0,88.0,56.0,0.0,0.0,1.0,1.0,True,False
XCAL10Sept,0.402,0.0,0.598,1.895,1.899,56,88.0,88.0,56.0,56.0,51.0,0.0,0.0,1.0,1.0,False,False
XCAL10Sept,0.301,0.001,0.6980000000000001,1.899,23.595,51,56.0,56.0,51.0,51.0,56.0,0.0,0.0,1.0,1.0,False,False
XCAL10Sept,0.896,0.001,0.10299999999999998,23.595,1.902,56,51.0,51.0,51.0,56.0,51.0,0.0,0.0,0.0,1.0,True,False
XCAL10Sept,0.798,0.0,0.20199999999999996,1.902,4.901,51,51.0,56.0,51.0,51.0,54.0,1.0,0.0,1.0,1.0,False,False
XCAL10Sept,0.699,0.0,0.30100000000000005,4.901,5.805,54,51.0,51.0,54.0,54.0,56.0,0.0,0.0,1.0,1.0,False,True
XCAL10Sept,0.504,0.001,0.495,5.805,8.52,56,54.0,54.0,56.0,56.0,54.0,0.0,0.0,1.0,1.0,False,True
XCAL10Sept,0.024,0.0,0.976,8.52,1.509,54,56.0,56.0,54.0,54.0,54.0,0.0,0.0,1.0,1.0,True,False
XCAL10Sept,0.533,0.09,0.377,1.509,14.9,54,56.0,54.0,54.0,54.0,54.0,0.0,1.0,1.0,1.0,False,False
XCAL10Sept,0.433,0.001,0.566,14.9,32.323,54,54.0,54.0,54.0,54.0,88.0,1.0,1.0,1.0,1.0,True,True
XCAL10Sept,0.756,0.09,0.154,32.323,1.905,88,54.0,54.0,88.0,88.0,243.0,0.0,0.0,1.0,1.0,True,False
XCAL10Sept,0.661,0.095,0.24399999999999997,1.905,1.004,243,88.0,88.0,243.0,88.0,88.0,0.0,0.0,1.0,0.0,False,False
XCAL10Sept,0.665,0.0,0.33499999999999996,1.004,4.398,88,88.0,243.0,88.0,88.0,54.0,1.0,0.0,1.0,1.0,False,False
XCAL10Sept,0.063,0.0,0.937,4.398,4.406,54,88.0,88.0,54.0,54.0,243.0,0.0,0.0,1.0,1.0,False,True
XCAL10Sept,0.469,0.0,0.531,4.406,0.501,243,54.0,54.0,243.0,37.0,54.0,0.0,0.0,1.0,0.0,False,False
XCAL10Sept,0.97,0.0,0.030000000000000027,0.501,0.605,54,54.0,54.0,243.0,37.0,37.0,1.0,1.0,0.0,0.0,False,False
XCAL10Sept,0.575,0.099,0.32600000000000007,0.605,1.902,37,54.0,243.0,37.0,37.0,54.0,0.0,0.0,1.0,1.0,False,False
XCAL10Sept,0.477,0.0,0.523,1.902,3.717,54,37.0,37.0,54.0,54.0,243.0,0.0,0.0,1.0,1.0,False,False
XCAL10Sept,0.194,0.001,0.805,3.717,0.587,243,54.0,54.0,54.0,54.0,54.0,0.0,0.0,0.0,0.0,False,False
XCAL10Sept,0.781,0.098,0.12099999999999997,0.587,1.9,54,54.0,54.0,54.0,54.0,88.0,1.0,1.0,1.0,1.0,False,False
XCAL10Sept,0.681,0.099,0.21999999999999995,1.9,0.801,88,54.0,54.0,88.0,243.0,243.0,0.0,0.0,1.0,0.0,False,False
XCAL10Sept,0.482,0.0,0.518,0.801,1.983,243,54.0,88.0,243.0,140.0,37.0,0.0,0.0,1.0,0.0,False,False
XCAL10Sept,0.465,0.001,0.5339999999999999,1.983,5.998,37,243.0,140.0,37.0,37.0,54.0,0.0,0.0,1.0,1.0,False,False
XCAL10Sept,0.463,0.001,0.5359999999999999,5.998,1.003,54,37.0,37.0,54.0,243.0,243.0,0.0,0.0,1.0,0.0,False,False
XCAL10Sept,0.466,0.0,0.534,1.003,2.3,243,37.0,54.0,243.0,243.0,39.0,0.0,0.0,1.0,1.0,False,False
XCAL10Sept,0.766,0.0,0.23399999999999999,2.3,8.202,39,243.0,243.0,39.0,39.0,37.0,0.0,0.0,1.0,1.0,False,True
XCAL10Sept,0.968,0.0,0.03200000000000003,8.202,1.602,37,39.0,39.0,39.0,37.0,54.0,0.0,0.0,0.0,1.0,True,False
XCAL10Sept,0.57,0.0,0.43000000000000005,1.602,40.952,54,39.0,37.0,54.0,54.0,56.0,0.0,0.0,1.0,1.0,False,False
XCAL10Sept,0.522,0.001,0.477,40.952,30.498,56,54.0,54.0,54.0,56.0,89.0,0.0,0.0,0.0,1.0,True,True
XCAL10Sept,0.02,0.0,0.98,30.498,35.724,89,56.0,56.0,89.0,89.0,89.0,0.0,0.0,1.0,1.0,True,True
XCAL10Sept,0.744,0.001,0.255,35.724,35.413,89,89.0,89.0,89.0,89.0,49.0,1.0,1.0,1.0,1.0,True,True
XCAL10Sept,0.157,0.0,0.843,35.413,2.505,49,89.0,89.0,49.0,49.0,378.0,0.0,0.0,1.0,1.0,True,True
XCAL10Sept,0.662,0.001,0.33699999999999997,2.505,1.608,378,49.0,49.0,49.0,378.0,378.0,0.0,0.0,0.0,1.0,False,False
XCAL10Sept,0.27,0.096,0.634,1.608,20.113,378,49.0,378.0,378.0,378.0,380.0,0.0,1.0,1.0,1.0,False,False
XCAL10Sept,0.383,0.096,0.521,20.113,5.502,380,378.0,378.0,378.0,380.0,380.0,0.0,0.0,0.0,1.0,True,True
XCAL10Sept,0.885,0.001,0.11399999999999999,5.502,2.697,380,380.0,380.0,380.0,380.0,89.0,1.0,1.0,1.0,1.0,False,True
XCAL10Sept,0.582,0.001,0.41700000000000004,2.697,0.507,89,380.0,380.0,89.0,49.0,49.0,0.0,0.0,1.0,0.0,False,False
XCAL10Sept,0.089,0.094,0.8170000000000001,0.507,3.334,49,380.0,89.0,49.0,49.0,380.0,0.0,0.0,1.0,1.0,False,False
XCAL10Sept,0.423,0.001,0.576,3.334,3.601,380,49.0,49.0,380.0,380.0,3.0,0.0,0.0,1.0,1.0,False,True
XCAL10Sept,0.024,0.0,0.976,3.601,2.205,3,380.0,380.0,3.0,3.0,49.0,0.0,0.0,1.0,1.0,False,True
XCAL10Sept,0.229,0.001,0.77,2.205,4.301,49,3.0,3.0,3.0,49.0,380.0,0.0,0.0,0.0,1.0,False,True
XCAL10Sept,0.53,0.0,0.47,4.301,1.904,380,49.0,49.0,49.0,380.0,49.0,0.0,0.0,0.0,1.0,False,False
XCAL10Sept,0.434,0.0,0.5660000000000001,1.904,1.601,49,49.0,380.0,380.0,49.0,380.0,1.0,0.0,0.0,1.0,False,False
XCAL10Sept,0.035,0.001,0.964,1.601,0.699,380,380.0,49.0,380.0,49.0,49.0,1.0,0.0,1.0,0.0,False,False
XCAL10Sept,0.734,0.001,0.265,0.699,1.5,49,380.0,49.0,380.0,49.0,50.0,0.0,1.0,0.0,1.0,False,False
XCAL10Sept,0.234,0.101,0.665,1.5,0.907,50,380.0,49.0,49.0,50.0,380.0,0.0,0.0,0.0,1.0,False,False
XCAL10Sept,0.141,0.094,0.765,0.907,3.995,380,49.0,49.0,50.0,380.0,3.0,0.0,0.0,0.0,1.0,False,False
XCAL10Sept,0.136,0.002,0.862,3.995,0.913,3,380.0,380.0,3.0,380.0,380.0,0.0,0.0,1.0,0.0,False,False
XCAL10Sept,0.049,0.099,0.852,0.913,30.305,380,380.0,3.0,380.0,380.0,380.0,1.0,0.0,1.0,1.0,False,False
XCAL10Sept,0.354,0.0,0.646,30.305,0.503,380,380.0,380.0,380.0,380.0,380.0,1.0,1.0,1.0,1.0,True,False
XCAL10Sept,0.857,0.001,0.14200000000000002,0.503,1.298,380,380.0,380.0,380.0,380.0,380.0,1.0,1.0,1.0,1.0,False,False
XCAL10Sept,0.155,0.0,0.845,1.298,7.572,380,380.0,380.0,380.0,380.0,12.0,1.0,1.0,1.0,1.0,False,False
XCAL10Sept,0.727,0.001,0.272,7.572,5.302,12,380.0,380.0,12.0,12.0,13.0,0.0,0.0,1.0,1.0,False,True
XCAL10Sept,0.029,0.0,0.971,5.302,0.703,13,12.0,12.0,13.0,12.0,12.0,0.0,0.0,1.0,0.0,False,False
XCAL10Sept,0.732,0.0,0.268,0.703,17.408,12,12.0,12.0,13.0,12.0,14.0,1.0,1.0,0.0,1.0,False,False
XCAL10Sept,0.14,0.0,0.86,17.408,1.901,14,12.0,12.0,14.0,14.0,113.0,0.0,0.0,1.0,1.0,True,False
XCAL10Sept,0.041,0.001,0.958,1.901,1.501,113,14.0,14.0,113.0,113.0,12.0,0.0,0.0,1.0,1.0,False,False
XCAL10Sept,0.542,0.0,0.45799999999999996,1.501,16.605,12,14.0,113.0,113.0,12.0,493.0,0.0,0.0,0.0,1.0,False,False
XCAL10Sept,0.147,0.002,0.851,16.605,21.01,493,12.0,12.0,12.0,493.0,27.0,0.0,0.0,0.0,1.0,True,True
XCAL10Sept,0.157,0.0,0.843,21.01,7.301,27,493.0,493.0,493.0,27.0,265.0,0.0,0.0,0.0,1.0,True,True
XCAL10Sept,0.458,0.0,0.542,7.301,8.214,265,27.0,27.0,27.0,265.0,264.0,0.0,0.0,0.0,1.0,False,True
XCAL10Sept,0.672,0.001,0.32699999999999996,8.214,0.495,264,264.0,264.0,264.0,264.0,29.0,1.0,1.0,1.0,1.0,True,False
XCAL10Sept,0.167,0.001,0.832,0.495,16.703,29,264.0,264.0,264.0,29.0,42.0,0.0,0.0,0.0,1.0,False,False
XCAL10Sept,0.87,0.0,0.13,16.703,3.4,42,29.0,29.0,29.0,42.0,29.0,0.0,0.0,0.0,1.0,True,True
XCAL10Sept,0.27,0.001,0.729,3.4,1.999,29,42.0,42.0,42.0,29.0,270.0,0.0,0.0,0.0,1.0,False,False
XCAL10Sept,0.269,0.001,0.73,1.999,1.209,270,42.0,29.0,29.0,280.0,280.0,0.0,0.0,0.0,0.0,False,False
XCAL10Sept,0.478,0.001,0.521,1.209,1.398,280,29.0,29.0,280.0,280.0,33.0,0.0,0.0,1.0,1.0,False,False
XCAL10Sept,0.876,0.098,0.025999999999999995,1.398,1.401,33,29.0,280.0,280.0,33.0,270.0,0.0,0.0,0.0,1.0,False,False
XCAL10Sept,0.277,0.1,0.623,1.401,2.703,270,280.0,33.0,33.0,270.0,280.0,0.0,0.0,0.0,1.0,False,False
XCAL10Sept,0.98,0.001,0.019000000000000017,2.703,1.297,280,33.0,270.0,270.0,280.0,33.0,0.0,0.0,0.0,1.0,False,False
XCAL10Sept,0.277,0.0,0.723,1.297,3.205,33,270.0,280.0,33.0,33.0,270.0,0.0,0.0,1.0,1.0,False,False
XCAL10Sept,0.482,0.0,0.518,3.205,6.699,270,33.0,33.0,270.0,270.0,35.0,0.0,0.0,1.0,1.0,False,True
XCAL10Sept,0.181,0.001,0.818,6.699,2.601,35,270.0,270.0,35.0,35.0,29.0,0.0,0.0,1.0,1.0,False,True
XCAL10Sept,0.782,0.099,0.11899999999999997,2.601,0.9,29,35.0,35.0,29.0,91.0,91.0,0.0,0.0,1.0,0.0,False,False
XCAL10Sept,0.682,0.001,0.31699999999999995,0.9,1.702,91,35.0,29.0,91.0,91.0,92.0,0.0,0.0,1.0,1.0,False,False
XCAL10Sept,0.384,0.001,0.615,1.702,2.099,92,91.0,91.0,92.0,92.0,27.0,0.0,0.0,1.0,1.0,False,False
XCAL10Sept,0.483,0.001,0.516,2.099,1.105,27,92.0,92.0,27.0,370.0,370.0,0.0,0.0,1.0,0.0,False,False
XCAL10Sept,0.588,0.001,0.41100000000000003,1.105,3.503,370,92.0,27.0,370.0,370.0,92.0,0.0,0.0,1.0,1.0,False,False
XCAL10Sept,0.091,0.001,0.908,3.503,2.0,92,370.0,370.0,92.0,92.0,370.0,0.0,0.0,1.0,1.0,False,False
XCAL10Sept,0.091,0.001,0.908,2.0,51.025,370,92.0,92.0,370.0,370.0,371.0,0.0,0.0,1.0,1.0,False,False
XCAL10Sept,0.116,0.001,0.883,51.025,37.711,371,370.0,370.0,371.0,371.0,64.0,0.0,0.0,1.0,1.0,True,True
XCAL10Sept,0.827,0.097,0.07600000000000004,37.711,2.797,64,371.0,371.0,64.0,64.0,363.0,0.0,0.0,1.0,1.0,True,True
XCAL10Sept,0.624,0.001,0.375,2.797,3.902,363,64.0,64.0,363.0,363.0,64.0,0.0,0.0,1.0,1.0,False,True
XCAL10Sept,0.526,0.0,0.474,3.902,0.999,64,363.0,363.0,64.0,363.0,363.0,0.0,0.0,1.0,0.0,False,False
XCAL10Sept,0.525,0.001,0.474,0.999,2.803,363,363.0,64.0,363.0,363.0,65.0,1.0,0.0,1.0,1.0,False,False
XCAL10Sept,0.328,0.0,0.6719999999999999,2.803,1.399,65,363.0,363.0,363.0,65.0,65.0,0.0,0.0,0.0,1.0,False,False
XCAL10Sept,0.727,0.001,0.272,1.399,56.85,65,363.0,363.0,65.0,65.0,363.0,0.0,0.0,1.0,1.0,False,False
XCAL10Sept,0.577,0.0,0.42300000000000004,56.85,3.871,363,65.0,65.0,363.0,363.0,65.0,0.0,0.0,1.0,1.0,True,True
XCAL10Sept,0.448,0.099,0.45300000000000007,3.871,7.958,65,363.0,363.0,65.0,65.0,363.0,0.0,0.0,1.0,1.0,False,True
XCAL10Sept,0.406,0.001,0.593,7.958,14.877,363,65.0,65.0,363.0,363.0,363.0,0.0,0.0,1.0,1.0,False,True
XCAL10Sept,0.283,0.001,0.7160000000000001,14.877,3.43,363,65.0,65.0,363.0,363.0,65.0,0.0,0.0,1.0,1.0,True,True
XCAL10Sept,0.713,0.001,0.28600000000000003,3.43,21.553,65,363.0,363.0,65.0,65.0,363.0,0.0,0.0,1.0,1.0,False,True
XCAL10Sept,0.266,0.001,0.733,21.553,16.0,363,65.0,65.0,363.0,363.0,65.0,0.0,0.0,1.0,1.0,True,True
XCAL10Sept,0.266,0.001,0.733,16.0,102.449,65,363.0,363.0,363.0,363.0,364.0,0.0,0.0,0.0,0.0,True,True
XCAL10Sept,0.715,0.0,0.28500000000000003,102.449,30.815,364,363.0,363.0,364.0,364.0,365.0,0.0,0.0,1.0,1.0,True,True
XCAL10Sept,0.53,0.002,0.46799999999999997,30.815,27.782,365,364.0,364.0,365.0,365.0,4.0,0.0,0.0,1.0,1.0,True,True
XCAL10Sept,0.312,0.001,0.6869999999999999,27.782,3.101,4,365.0,365.0,4.0,4.0,47.0,0.0,0.0,1.0,1.0,True,True
XCAL10Sept,0.413,0.0,0.587,3.101,16.69,47,4.0,4.0,47.0,47.0,3.0,0.0,0.0,1.0,1.0,False,True
XCAL10Sept,0.103,0.001,0.896,16.69,4.215,3,47.0,47.0,3.0,3.0,47.0,0.0,0.0,1.0,1.0,True,True
XCAL10Sept,0.318,0.0,0.6819999999999999,4.215,2.195,47,3.0,3.0,47.0,47.0,88.0,0.0,0.0,1.0,1.0,False,True
XCAL10Sept,0.513,0.001,0.486,2.195,13.34,88,47.0,47.0,88.0,88.0,380.0,0.0,0.0,1.0,1.0,False,True
XCAL10Sept,0.853,0.001,0.14600000000000002,13.34,5.98,380,88.0,88.0,380.0,380.0,381.0,0.0,0.0,1.0,1.0,True,True
XCAL10Sept,0.833,0.001,0.16600000000000004,5.98,11.381,381,380.0,380.0,381.0,381.0,383.0,0.0,0.0,1.0,1.0,False,True
XCAL10Sept,0.214,0.101,0.685,11.381,3.125,383,381.0,381.0,383.0,383.0,383.0,0.0,0.0,1.0,1.0,True,True
XCAL10Sept,0.339,0.001,0.66,3.125,16.585,383,383.0,383.0,383.0,383.0,153.0,1.0,1.0,1.0,1.0,False,True
XCAL10Sept,0.924,0.001,0.07499999999999996,16.585,25.716,153,383.0,383.0,153.0,153.0,155.0,0.0,0.0,1.0,1.0,True,True
XCAL10Sept,0.64,0.096,0.264,25.716,38.806,155,153.0,153.0,153.0,155.0,61.0,0.0,0.0,0.0,1.0,True,True
XCAL10Sept,0.446,0.0,0.554,38.806,1.601,61,155.0,155.0,155.0,155.0,61.0,0.0,0.0,0.0,0.0,True,False
XCAL10Sept,0.047,0.001,0.952,1.601,4.102,61,155.0,155.0,61.0,61.0,61.0,0.0,0.0,1.0,1.0,False,False
XCAL10Sept,0.149,0.0,0.851,4.102,9.601,61,61.0,61.0,61.0,61.0,155.0,1.0,1.0,1.0,1.0,False,True
XCAL10Sept,0.75,0.001,0.249,9.601,1.402,155,61.0,61.0,155.0,155.0,469.0,0.0,0.0,1.0,1.0,True,False
XCAL10Sept,0.152,0.0,0.848,1.402,9.196,469,155.0,155.0,469.0,469.0,11.0,0.0,0.0,1.0,1.0,False,False
XCAL10Sept,0.348,0.0,0.652,9.196,14.029,11,469.0,469.0,11.0,11.0,469.0,0.0,0.0,1.0,1.0,True,True
XCAL10Sept,0.377,0.001,0.622,14.029,6.114,469,11.0,11.0,469.0,469.0,5.0,0.0,0.0,1.0,1.0,True,True
XCAL10Sept,0.491,0.001,0.508,6.114,8.212,5,469.0,469.0,5.0,5.0,3.0,0.0,0.0,1.0,1.0,False,True
XCAL10Sept,0.703,0.002,0.29500000000000004,8.212,6.797,3,5.0,5.0,3.0,3.0,5.0,0.0,0.0,1.0,1.0,True,True
XCAL10Sept,0.5,0.001,0.499,6.797,11.116,5,3.0,3.0,5.0,5.0,3.0,0.0,0.0,1.0,1.0,False,True
XCAL10Sept,0.616,0.087,0.29700000000000004,11.116,1.994,3,5.0,5.0,3.0,3.0,5.0,0.0,0.0,1.0,1.0,True,False
XCAL10Sept,0.61,0.001,0.389,1.994,2.395,5,3.0,3.0,5.0,5.0,53.0,0.0,0.0,1.0,1.0,False,False
XCAL10Sept,0.005,0.001,0.994,2.395,13.105,53,5.0,5.0,53.0,53.0,50.0,0.0,0.0,1.0,1.0,False,True
XCAL10Sept,0.11,0.001,0.889,13.105,9.503,50,53.0,53.0,50.0,50.0,49.0,0.0,0.0,1.0,1.0,True,True
XCAL10Sept,0.613,0.001,0.386,9.503,6.879,49,50.0,50.0,49.0,49.0,50.0,0.0,0.0,1.0,1.0,True,True
XCAL10Sept,0.492,0.034,0.474,6.879,6.54,50,49.0,49.0,50.0,50.0,47.0,0.0,0.0,1.0,1.0,False,True
XCAL10Sept,0.032,0.0,0.968,6.54,0.599,47,50.0,50.0,371.0,371.0,371.0,0.0,0.0,0.0,0.0,False,False
XCAL10Sept,0.631,0.001,0.368,0.599,6.805,371,50.0,50.0,371.0,371.0,371.0,0.0,0.0,1.0,1.0,False,False
XCAL10Sept,0.436,0.0,0.5640000000000001,6.805,8.537,371,371.0,371.0,371.0,371.0,371.0,1.0,1.0,1.0,1.0,False,True
XCAL10Sept,0.973,0.001,0.026000000000000023,8.537,0.68,371,371.0,371.0,371.0,62.0,62.0,1.0,1.0,1.0,0.0,True,False
XCAL10Sept,0.653,0.001,0.346,0.68,1.207,62,371.0,371.0,62.0,47.0,47.0,0.0,0.0,1.0,0.0,False,False
XCAL10Sept,0.86,0.101,0.03900000000000001,1.207,1.902,47,371.0,62.0,47.0,47.0,66.0,0.0,0.0,1.0,1.0,False,False
XCAL10Sept,0.762,0.001,0.237,1.902,13.941,66,47.0,47.0,66.0,66.0,68.0,0.0,0.0,1.0,1.0,False,False
XCAL10Sept,0.703,0.1,0.19700000000000004,13.941,6.404,68,66.0,66.0,68.0,68.0,86.0,0.0,0.0,1.0,1.0,True,True
XCAL10Sept,0.107,0.001,0.892,6.404,9.907,86,68.0,68.0,86.0,86.0,85.0,0.0,0.0,1.0,1.0,False,True
XCAL10Sept,0.014,0.0,0.986,9.907,15.404,85,86.0,86.0,85.0,85.0,73.0,0.0,0.0,1.0,1.0,True,True
XCAL10Sept,0.418,0.0,0.5820000000000001,15.404,0.997,73,85.0,85.0,73.0,73.0,94.0,0.0,0.0,1.0,1.0,True,False
XCAL10Sept,0.415,0.001,0.584,0.997,1.601,94,85.0,73.0,73.0,94.0,94.0,0.0,0.0,0.0,1.0,False,False
XCAL10Sept,0.016,0.0,0.984,1.601,0.701,94,73.0,94.0,94.0,93.0,93.0,0.0,1.0,1.0,0.0,False,False
XCAL10Sept,0.717,0.001,0.28200000000000003,0.701,5.818,93,73.0,94.0,94.0,93.0,73.0,0.0,0.0,0.0,1.0,False,False
XCAL10Sept,0.535,0.095,0.37,5.818,2.508,73,93.0,93.0,73.0,73.0,93.0,0.0,0.0,1.0,1.0,False,True
XCAL10Sept,0.043,0.096,0.861,2.508,2.897,93,73.0,73.0,93.0,93.0,72.0,0.0,0.0,1.0,1.0,False,True
XCAL10Sept,0.94,0.001,0.05900000000000005,2.897,10.938,72,93.0,93.0,72.0,72.0,100.0,0.0,0.0,1.0,1.0,False,True
XCAL10Sept,0.878,0.0,0.122,10.938,0.903,100,72.0,72.0,100.0,93.0,93.0,0.0,0.0,1.0,0.0,True,False
XCAL10Sept,0.781,0.001,0.21799999999999997,0.903,1.099,93,72.0,100.0,93.0,93.0,149.0,0.0,0.0,1.0,1.0,False,False
XCAL10Sept,0.88,0.0,0.12,1.099,1.6,149,100.0,93.0,93.0,149.0,100.0,0.0,0.0,0.0,1.0,False,False
XCAL10Sept,0.48,0.001,0.519,1.6,8.71,100,93.0,149.0,100.0,149.0,13.0,0.0,0.0,1.0,0.0,False,False
XCAL10Sept,0.19,0.0,0.81,8.71,1.598,13,149.0,149.0,13.0,147.0,147.0,0.0,0.0,1.0,0.0,True,False
XCAL10Sept,0.788,0.001,0.21099999999999997,1.598,6.7,147,149.0,13.0,147.0,147.0,256.0,0.0,0.0,1.0,1.0,False,False
XCAL10Sept,0.488,0.001,0.511,6.7,6.707,256,147.0,147.0,256.0,256.0,13.0,0.0,0.0,1.0,1.0,False,True
XCAL10Sept,0.195,0.001,0.8039999999999999,6.707,1.8,13,256.0,256.0,13.0,13.0,147.0,0.0,0.0,1.0,1.0,False,False
XCAL10Sept,0.995,0.001,0.004000000000000004,1.8,5.521,147,256.0,13.0,13.0,256.0,257.0,0.0,0.0,0.0,0.0,False,False
XCAL10Sept,0.516,0.097,0.387,5.521,9.42,257,256.0,256.0,257.0,257.0,261.0,0.0,0.0,1.0,1.0,False,True
XCAL10Sept,0.936,0.0,0.06399999999999995,9.42,2.903,261,257.0,257.0,257.0,261.0,164.0,0.0,0.0,0.0,1.0,True,True
XCAL10Sept,0.839,0.001,0.16000000000000003,2.903,4.896,164,261.0,261.0,164.0,164.0,263.0,0.0,0.0,1.0,1.0,False,True
XCAL10Sept,0.735,0.001,0.264,4.896,4.506,263,164.0,164.0,263.0,263.0,406.0,0.0,0.0,1.0,1.0,False,True
XCAL10Sept,0.241,0.001,0.758,4.506,3.108,406,263.0,263.0,406.0,406.0,409.0,0.0,0.0,1.0,1.0,False,True
XCAL10Sept,0.349,0.001,0.65,3.108,0.995,409,406.0,406.0,409.0,406.0,406.0,0.0,0.0,1.0,0.0,False,False
XCAL10Sept,0.344,0.097,0.559,0.995,2.702,406,406.0,409.0,406.0,406.0,406.0,1.0,0.0,1.0,1.0,False,False
XCAL10Sept,0.046,0.0,0.954,2.702,2.096,406,406.0,406.0,406.0,406.0,78.0,1.0,1.0,1.0,1.0,False,True
XCAL10Sept,0.142,0.001,0.857,2.096,8.005,78,406.0,406.0,78.0,78.0,79.0,0.0,0.0,1.0,1.0,False,True
XCAL10Sept,0.147,0.1,0.753,8.005,0.701,79,78.0,78.0,80.0,80.0,80.0,0.0,0.0,0.0,0.0,True,False
XCAL10Sept,0.848,0.001,0.15100000000000002,0.701,2.176,80,78.0,78.0,80.0,80.0,79.0,0.0,0.0,1.0,1.0,False,False
XCAL10Sept,0.024,0.001,0.975,2.176,7.084,79,80.0,80.0,79.0,79.0,80.0,0.0,0.0,1.0,1.0,False,True
XCAL10Sept,0.108,0.001,0.891,7.084,2.902,80,79.0,79.0,80.0,80.0,79.0,0.0,0.0,1.0,1.0,False,True
XCAL10Sept,0.01,0.0,0.99,2.902,4.269,79,80.0,80.0,79.0,79.0,80.0,0.0,0.0,1.0,1.0,False,True
XCAL10Sept,0.279,0.001,0.72,4.269,6.792,80,79.0,79.0,80.0,80.0,172.0,0.0,0.0,1.0,1.0,False,True
XCAL10Sept,0.071,0.0,0.929,6.792,10.525,172,80.0,80.0,172.0,172.0,445.0,0.0,0.0,1.0,1.0,False,True
XCAL10Sept,0.596,0.001,0.403,10.525,1.5,445,172.0,172.0,445.0,445.0,489.0,0.0,0.0,1.0,1.0,True,False
XCAL10Sept,0.096,0.101,0.803,1.5,2.903,489,445.0,445.0,489.0,489.0,380.0,0.0,0.0,1.0,1.0,False,False
XCAL10Sept,0.999,0.001,8.673617379884035e-19,2.903,1.098,380,489.0,489.0,489.0,380.0,489.0,0.0,0.0,0.0,1.0,False,False
XCAL10Sept,0.097,0.001,0.902,1.098,4.002,489,489.0,380.0,489.0,489.0,380.0,1.0,0.0,1.0,1.0,False,False
XCAL12Sept,0.66,0.001,0.33899999999999997,9000000000.0,49.358,346,347.0,347.0,346.0,346.0,261.0,0.0,0.0,1.0,1.0,True,True
XCAL12Sept,0.018,0.001,0.981,49.358,2.301,261,346.0,346.0,261.0,261.0,263.0,0.0,0.0,1.0,1.0,True,True
XCAL12Sept,0.319,0.101,0.5800000000000001,2.301,1.4,263,261.0,261.0,263.0,42.0,42.0,0.0,0.0,1.0,0.0,False,False
XCAL12Sept,0.719,0.001,0.28,1.4,1.601,42,261.0,263.0,42.0,42.0,263.0,0.0,0.0,1.0,1.0,False,False
XCAL12Sept,0.32,0.0,0.6799999999999999,1.601,1.601,263,42.0,42.0,263.0,263.0,42.0,0.0,0.0,1.0,1.0,False,False
XCAL12Sept,0.921,0.0,0.07899999999999996,1.601,9.636,42,42.0,263.0,263.0,42.0,17.0,1.0,0.0,0.0,1.0,False,False
XCAL12Sept,0.557,0.0,0.44299999999999995,9.636,18.22,17,42.0,42.0,17.0,17.0,261.0,0.0,0.0,1.0,1.0,True,True
XCAL12Sept,0.777,0.0,0.22299999999999998,18.22,3.463,261,17.0,17.0,261.0,261.0,263.0,0.0,0.0,1.0,1.0,True,True
XCAL12Sept,0.24,0.0,0.76,3.463,1.202,263,261.0,262.0,263.0,17.0,17.0,0.0,0.0,1.0,0.0,False,False
XCAL12Sept,0.442,0.001,0.557,1.202,46.248,17,262.0,263.0,17.0,17.0,75.0,0.0,0.0,1.0,1.0,False,False
XCAL12Sept,0.69,0.0,0.31000000000000005,46.248,1.22,75,64.45454545454545,69.72727272727272,75.0,75.0,212.0,0.0,0.0,1.0,1.0,True,False
XCAL12Sept,0.91,0.101,-0.011000000000000038,1.22,1.703,212,69.72727272727272,75.0,75.0,27.0,212.0,0.0,0.0,0.0,0.0,False,False
XCAL12Sept,0.613,0.1,0.28700000000000003,1.703,3.846,212,75.0,27.0,212.0,212.0,107.0,0.0,0.0,1.0,1.0,False,False
XCAL12Sept,0.459,0.001,0.5399999999999999,3.846,1.1,107,212.0,212.0,107.0,212.0,212.0,0.0,0.0,1.0,0.0,False,False
XCAL12Sept,0.559,0.0,0.44099999999999995,1.1,7.505,212,212.0,107.0,212.0,212.0,464.0,1.0,0.0,1.0,1.0,False,False
XCAL12Sept,0.064,0.0,0.9359999999999999,7.505,0.805,464,212.0,212.0,107.0,107.0,107.0,0.0,0.0,0.0,0.0,False,False
XCAL12Sept,0.869,0.0,0.131,0.805,3.492,107,212.0,212.0,107.0,107.0,212.0,0.0,0.0,1.0,1.0,False,False
XCAL12Sept,0.361,0.0,0.639,3.492,0.7,212,107.0,107.0,212.0,107.0,107.0,0.0,0.0,1.0,0.0,False,False
XCAL12Sept,0.061,0.0,0.9390000000000001,0.7,5.777,107,107.0,212.0,107.0,107.0,17.0,1.0,0.0,1.0,1.0,False,False
XCAL12Sept,0.838,0.001,0.16100000000000003,5.777,1.904,17,107.0,107.0,17.0,17.0,17.0,0.0,0.0,1.0,1.0,False,False
XCAL12Sept,0.742,0.0,0.258,1.904,2.203,17,17.0,17.0,17.0,17.0,487.0,1.0,1.0,1.0,1.0,False,False
XCAL12Sept,0.945,0.1,-0.04499999999999996,2.203,31.006,487,17.0,17.0,17.0,487.0,13.0,0.0,0.0,0.0,1.0,False,True
XCAL12Sept,0.951,0.0,0.049000000000000044,31.006,0.604,13,487.0,487.0,487.0,487.0,487.0,0.0,0.0,0.0,0.0,True,False
XCAL12Sept,0.555,0.0,0.44499999999999995,0.604,0.522,487,487.0,487.0,487.0,489.0,489.0,1.0,1.0,1.0,0.0,False,False
XCAL12Sept,0.077,0.088,0.8350000000000001,0.522,3.491,489,487.0,487.0,489.0,489.0,487.0,0.0,0.0,1.0,1.0,False,False
XCAL12Sept,0.568,0.0,0.43200000000000005,3.491,12.347,487,489.0,489.0,487.0,487.0,14.0,0.0,0.0,1.0,1.0,False,True
XCAL12Sept,0.915,0.001,0.08399999999999996,12.347,8.705,14,487.0,487.0,14.0,14.0,13.0,0.0,0.0,1.0,1.0,True,True
XCAL12Sept,0.62,0.0,0.38,8.705,4.102,13,14.0,14.0,13.0,13.0,14.0,0.0,0.0,1.0,1.0,True,True
XCAL12Sept,0.722,0.098,0.18000000000000002,4.102,1.804,14,13.0,13.0,14.0,14.0,489.0,0.0,0.0,1.0,1.0,False,False
XCAL12Sept,0.526,0.0,0.474,1.804,2.001,489,14.0,14.0,489.0,489.0,14.0,0.0,0.0,1.0,1.0,False,False
XCAL12Sept,0.527,0.001,0.472,2.001,0.9,14,489.0,489.0,14.0,489.0,489.0,0.0,0.0,1.0,0.0,False,False
XCAL12Sept,0.427,0.0,0.573,0.9,2.315,489,489.0,14.0,489.0,489.0,14.0,1.0,0.0,1.0,1.0,False,False
XCAL12Sept,0.742,0.098,0.16,2.315,52.984,14,489.0,489.0,14.0,14.0,14.0,0.0,0.0,1.0,1.0,False,True
XCAL12Sept,0.726,0.001,0.273,52.984,1.699,14,14.0,14.0,14.0,14.0,33.0,1.0,1.0,1.0,1.0,True,False
XCAL12Sept,0.425,0.0,0.575,1.699,0.8,33,14.0,14.0,33.0,12.0,12.0,0.0,0.0,1.0,0.0,False,False
XCAL12Sept,0.225,0.0,0.775,0.8,4.124,12,14.0,33.0,12.0,12.0,14.0,0.0,0.0,1.0,1.0,False,False
XCAL12Sept,0.349,0.0,0.651,4.124,6.501,14,12.0,12.0,14.0,14.0,33.0,0.0,0.0,1.0,1.0,False,True
XCAL12Sept,0.85,0.001,0.14900000000000002,6.501,2.406,33,14.0,14.0,33.0,33.0,12.0,0.0,0.0,1.0,1.0,False,True
XCAL12Sept,0.256,0.0,0.744,2.406,3.56,12,33.0,33.0,12.0,12.0,33.0,0.0,0.0,1.0,1.0,False,True
XCAL12Sept,0.816,0.0,0.18400000000000005,3.56,1.099,33,12.0,12.0,33.0,33.0,12.0,0.0,0.0,1.0,1.0,False,False
XCAL12Sept,0.915,0.0,0.08499999999999996,1.099,2.409,12,12.0,33.0,33.0,12.0,33.0,1.0,0.0,0.0,1.0,False,False
XCAL12Sept,0.324,0.1,0.576,2.409,1.6,33,12.0,12.0,33.0,33.0,12.0,0.0,0.0,1.0,1.0,False,False
XCAL12Sept,0.924,0.0,0.07599999999999996,1.6,0.802,12,12.0,33.0,33.0,33.0,33.0,1.0,0.0,0.0,0.0,False,False
XCAL12Sept,0.726,0.101,0.17300000000000001,0.802,2.086,33,33.0,33.0,33.0,33.0,12.0,1.0,1.0,1.0,1.0,False,False
XCAL12Sept,0.812,0.001,0.18699999999999994,2.086,1.198,12,33.0,33.0,12.0,12.0,33.0,0.0,0.0,1.0,1.0,False,False
XCAL12Sept,0.01,0.0,0.99,1.198,3.601,33,12.0,12.0,33.0,33.0,487.0,0.0,0.0,1.0,1.0,False,False
XCAL12Sept,0.611,0.0,0.389,3.601,16.006,487,33.0,33.0,487.0,487.0,501.0,0.0,0.0,1.0,1.0,False,True
XCAL12Sept,0.617,0.0,0.383,16.006,2.201,501,487.0,487.0,501.0,501.0,487.0,0.0,0.0,1.0,1.0,True,True
XCAL12Sept,0.818,0.0,0.18200000000000005,2.201,1.8,487,501.0,501.0,487.0,487.0,501.0,0.0,0.0,1.0,1.0,False,False
XCAL12Sept,0.618,0.001,0.381,1.8,9.602,501,487.0,487.0,501.0,501.0,487.0,0.0,0.0,1.0,1.0,False,False
XCAL12Sept,0.22,0.0,0.78,9.602,1.901,487,501.0,501.0,487.0,487.0,501.0,0.0,0.0,1.0,1.0,True,False
XCAL12Sept,0.121,0.0,0.879,1.901,4.899,501,487.0,487.0,501.0,501.0,12.0,0.0,0.0,1.0,1.0,False,False
XCAL12Sept,0.02,0.001,0.979,4.899,3.421,12,501.0,501.0,12.0,12.0,12.0,0.0,0.0,1.0,1.0,False,True
XCAL12Sept,0.441,0.001,0.5579999999999999,3.421,11.214,12,12.0,12.0,12.0,12.0,491.0,1.0,1.0,1.0,1.0,False,True
XCAL12Sept,0.655,0.101,0.24399999999999997,11.214,2.106,491,12.0,12.0,491.0,491.0,491.0,0.0,0.0,1.0,1.0,True,True
XCAL12Sept,0.761,0.0,0.239,2.106,2.299,491,491.0,491.0,491.0,491.0,51.0,1.0,1.0,1.0,1.0,False,True
XCAL12Sept,0.06,0.099,0.841,2.299,1.4,51,491.0,491.0,491.0,51.0,501.0,0.0,0.0,0.0,1.0,False,False
XCAL12Sept,0.46,0.0,0.54,1.4,3.712,501,491.0,491.0,51.0,501.0,36.0,0.0,0.0,0.0,1.0,False,False
XCAL12Sept,0.172,0.0,0.8280000000000001,3.712,2.305,36,501.0,501.0,501.0,36.0,501.0,0.0,0.0,0.0,1.0,False,True
XCAL12Sept,0.477,0.099,0.42400000000000004,2.305,2.6,501,501.0,36.0,36.0,501.0,491.0,1.0,0.0,0.0,1.0,False,True
XCAL12Sept,0.077,0.001,0.922,2.6,0.599,491,501.0,501.0,501.0,501.0,501.0,0.0,0.0,0.0,0.0,False,False
XCAL12Sept,0.676,0.001,0.32299999999999995,0.599,1.704,501,501.0,501.0,501.0,501.0,36.0,1.0,1.0,1.0,1.0,False,False
XCAL12Sept,0.38,0.0,0.62,1.704,5.5,36,501.0,501.0,501.0,36.0,501.0,0.0,0.0,0.0,1.0,False,False
XCAL12Sept,0.88,0.0,0.12,5.5,11.502,501,36.0,36.0,36.0,491.0,12.0,0.0,0.0,0.0,0.0,False,True
XCAL12Sept,0.382,0.0,0.618,11.502,2.0,12,491.0,491.0,12.0,12.0,491.0,0.0,0.0,1.0,1.0,True,False
XCAL12Sept,0.382,0.0,0.618,2.0,2.607,491,12.0,12.0,491.0,491.0,36.0,0.0,0.0,1.0,1.0,False,False
XCAL12Sept,0.989,0.0,0.01100000000000001,2.607,2.703,36,491.0,491.0,36.0,36.0,491.0,0.0,0.0,1.0,1.0,False,True
XCAL12Sept,0.692,0.1,0.20800000000000005,2.703,3.501,491,36.0,36.0,491.0,491.0,36.0,0.0,0.0,1.0,1.0,False,True
XCAL12Sept,0.193,0.001,0.8059999999999999,3.501,1.101,36,491.0,491.0,36.0,491.0,491.0,0.0,0.0,1.0,0.0,False,False
XCAL12Sept,0.294,0.0,0.706,1.101,1.101,491,491.0,36.0,491.0,36.0,36.0,1.0,0.0,1.0,0.0,False,False
XCAL12Sept,0.395,0.001,0.604,1.101,3.009,36,36.0,491.0,36.0,36.0,491.0,1.0,0.0,1.0,1.0,False,False
XCAL12Sept,0.404,0.0,0.596,3.009,1.699,491,36.0,36.0,491.0,491.0,36.0,0.0,0.0,1.0,1.0,False,False
XCAL12Sept,0.103,0.0,0.897,1.699,2.5,36,491.0,491.0,36.0,36.0,491.0,0.0,0.0,1.0,1.0,False,False
XCAL12Sept,0.603,0.001,0.396,2.5,0.807,491,36.0,36.0,491.0,36.0,36.0,0.0,0.0,1.0,0.0,False,False
XCAL12Sept,0.41,0.0,0.5900000000000001,0.807,6.222,36,36.0,491.0,36.0,36.0,214.0,1.0,0.0,1.0,1.0,False,False
XCAL12Sept,0.632,0.089,0.279,6.222,1.691,214,36.0,36.0,214.0,214.0,491.0,0.0,0.0,1.0,1.0,False,False
XCAL12Sept,0.323,0.001,0.676,1.691,24.83,491,214.0,214.0,491.0,491.0,490.0,0.0,0.0,1.0,1.0,False,False
XCAL12Sept,0.153,0.0,0.847,24.83,2.699,490,491.0,491.0,491.0,490.0,214.0,0.0,0.0,0.0,1.0,True,True
XCAL12Sept,0.852,0.1,0.048000000000000015,2.699,0.906,214,491.0,490.0,490.0,491.0,491.0,0.0,0.0,0.0,0.0,False,False
XCAL12Sept,0.758,0.001,0.241,0.906,4.306,491,490.0,490.0,491.0,491.0,36.0,0.0,0.0,1.0,1.0,False,False
XCAL12Sept,0.064,0.1,0.836,4.306,1.502,36,491.0,491.0,490.0,491.0,491.0,0.0,0.0,0.0,0.0,False,False
XCAL12Sept,0.566,0.0,0.43400000000000005,1.502,1.902,491,491.0,490.0,491.0,491.0,214.0,1.0,0.0,1.0,1.0,False,False
XCAL12Sept,0.468,0.001,0.531,1.902,5.401,214,491.0,491.0,214.0,214.0,36.0,0.0,0.0,1.0,1.0,False,False
XCAL12Sept,0.869,0.0,0.131,5.401,1.503,36,214.0,214.0,36.0,36.0,36.0,0.0,0.0,1.0,1.0,False,False
XCAL12Sept,0.372,0.0,0.628,1.503,15.599,36,36.0,36.0,36.0,36.0,36.0,1.0,1.0,1.0,1.0,False,False
XCAL12Sept,0.971,0.0,0.029000000000000026,15.599,0.618,36,36.0,36.0,36.0,36.0,491.0,1.0,1.0,1.0,1.0,True,False
XCAL12Sept,0.589,0.081,0.33,0.618,0.682,491,36.0,36.0,36.0,491.0,36.0,0.0,0.0,0.0,1.0,False,False
XCAL12Sept,0.271,0.0,0.729,0.682,3.605,36,36.0,36.0,491.0,36.0,36.0,1.0,1.0,0.0,1.0,False,False
XCAL12Sept,0.876,0.0,0.124,3.605,0.502,36,36.0,36.0,36.0,36.0,491.0,1.0,1.0,1.0,1.0,False,False
XCAL12Sept,0.378,0.0,0.622,0.502,6.815,491,36.0,36.0,36.0,491.0,383.0,0.0,0.0,0.0,1.0,False,False
XCAL12Sept,0.193,0.098,0.709,6.815,1.299,383,491.0,491.0,491.0,383.0,491.0,0.0,0.0,0.0,1.0,False,False
XCAL12Sept,0.492,0.001,0.507,1.299,5.004,491,491.0,491.0,383.0,491.0,383.0,1.0,1.0,0.0,1.0,False,False
XCAL12Sept,0.496,0.0,0.504,5.004,1.801,383,491.0,491.0,491.0,383.0,491.0,0.0,0.0,0.0,1.0,False,False
XCAL12Sept,0.297,0.001,0.7020000000000001,1.801,0.8,491,491.0,383.0,491.0,383.0,383.0,1.0,0.0,1.0,0.0,False,False
XCAL12Sept,0.097,0.0,0.903,0.8,6.019,383,383.0,491.0,383.0,383.0,383.0,1.0,0.0,1.0,1.0,False,False
XCAL12Sept,0.116,0.0,0.884,6.019,11.794,383,383.0,383.0,383.0,383.0,36.0,1.0,1.0,1.0,1.0,False,True
XCAL12Sept,0.91,0.0,0.08999999999999997,11.794,1.105,36,383.0,383.0,383.0,36.0,383.0,0.0,0.0,0.0,1.0,True,False
XCAL12Sept,0.015,0.001,0.984,1.105,3.603,383,383.0,36.0,383.0,383.0,36.0,1.0,0.0,1.0,1.0,False,False
XCAL12Sept,0.618,0.099,0.28300000000000003,3.603,1.4,36,383.0,383.0,383.0,36.0,383.0,0.0,0.0,0.0,1.0,False,False
XCAL12Sept,0.018,0.0,0.982,1.4,2.002,383,383.0,36.0,383.0,383.0,36.0,1.0,0.0,1.0,1.0,False,False
XCAL12Sept,0.02,0.0,0.98,2.002,1.8,36,383.0,383.0,36.0,36.0,383.0,0.0,0.0,1.0,1.0,False,False
XCAL12Sept,0.82,0.0,0.18000000000000005,1.8,23.314,383,383.0,36.0,36.0,383.0,36.0,1.0,0.0,0.0,1.0,False,False
XCAL12Sept,0.134,0.09,0.776,23.314,1.39,36,383.0,383.0,383.0,36.0,383.0,0.0,0.0,0.0,1.0,True,False
XCAL12Sept,0.524,0.001,0.475,1.39,1.617,383,383.0,383.0,36.0,383.0,383.0,1.0,1.0,0.0,1.0,False,False
XCAL12Sept,0.141,0.0,0.859,1.617,2.698,383,36.0,383.0,383.0,383.0,36.0,0.0,1.0,1.0,1.0,False,False
XCAL12Sept,0.839,0.095,0.06600000000000003,2.698,1.096,36,383.0,383.0,383.0,36.0,383.0,0.0,0.0,0.0,1.0,False,False
XCAL12Sept,0.935,0.0,0.06499999999999995,1.096,0.703,383,383.0,383.0,36.0,383.0,36.0,1.0,1.0,0.0,1.0,False,False
XCAL12Sept,0.638,0.001,0.361,0.703,1.904,36,383.0,36.0,383.0,36.0,383.0,0.0,1.0,0.0,1.0,False,False
XCAL12Sept,0.542,0.0,0.45799999999999996,1.904,4.101,383,383.0,36.0,36.0,383.0,383.0,1.0,0.0,0.0,1.0,False,False
XCAL12Sept,0.643,0.0,0.357,4.101,1.903,383,383.0,383.0,383.0,383.0,381.0,1.0,1.0,1.0,1.0,False,False
XCAL12Sept,0.546,0.001,0.45299999999999996,1.903,1.901,381,383.0,383.0,383.0,381.0,383.0,0.0,0.0,0.0,1.0,False,False
XCAL12Sept,0.447,0.0,0.5529999999999999,1.901,6.928,383,383.0,381.0,381.0,383.0,381.0,1.0,0.0,0.0,1.0,False,False
XCAL12Sept,0.375,0.084,0.541,6.928,13.789,381,383.0,383.0,383.0,381.0,381.0,0.0,0.0,0.0,1.0,False,True
XCAL12Sept,0.164,0.001,0.835,13.789,50.265,381,381.0,381.0,381.0,381.0,86.0,1.0,1.0,1.0,1.0,True,True
XCAL12Sept,0.429,0.0,0.571,50.265,5.004,86,381.0,381.0,381.0,86.0,381.0,0.0,0.0,0.0,1.0,True,True
XCAL12Sept,0.433,0.001,0.566,5.004,17.207,381,86.0,86.0,86.0,381.0,86.0,0.0,0.0,0.0,1.0,False,True
XCAL12Sept,0.64,0.0,0.36,17.207,0.602,86,381.0,381.0,381.0,381.0,381.0,0.0,0.0,0.0,0.0,True,False
XCAL12Sept,0.242,0.0,0.758,0.602,13.435,381,381.0,381.0,381.0,381.0,381.0,1.0,1.0,1.0,1.0,False,False
XCAL12Sept,0.677,0.0,0.32299999999999995,13.435,106.514,381,381.0,86.0,86.0,381.0,383.0,1.0,0.0,0.0,1.0,True,True
XCAL12Sept,0.191,0.001,0.8079999999999999,106.514,13.107,383,381.0,381.0,383.0,383.0,36.0,0.0,0.0,1.0,1.0,True,True
XCAL12Sept,0.298,0.001,0.701,13.107,13.604,36,383.0,383.0,383.0,36.0,383.0,0.0,0.0,0.0,1.0,True,True
XCAL12Sept,0.902,0.0,0.09799999999999998,13.604,2.401,383,36.0,36.0,36.0,383.0,36.0,0.0,0.0,0.0,1.0,True,True
XCAL12Sept,0.303,0.0,0.6970000000000001,2.401,25.821,36,383.0,383.0,383.0,36.0,383.0,0.0,0.0,0.0,1.0,False,True
XCAL12Sept,0.124,0.001,0.875,25.821,17.899,383,36.0,36.0,36.0,383.0,491.0,0.0,0.0,0.0,1.0,True,True
XCAL12Sept,0.023,0.002,0.975,17.899,19.308,491,383.0,383.0,383.0,491.0,36.0,0.0,0.0,0.0,1.0,True,True
XCAL12Sept,0.331,0.0,0.669,19.308,2.002,36,491.0,491.0,491.0,36.0,491.0,0.0,0.0,0.0,1.0,True,True
XCAL12Sept,0.333,0.0,0.667,2.002,1.105,491,491.0,36.0,36.0,491.0,36.0,1.0,0.0,0.0,1.0,False,False
XCAL12Sept,0.438,0.0,0.562,1.105,9.502,36,36.0,36.0,491.0,36.0,491.0,1.0,1.0,0.0,1.0,False,False
XCAL12Sept,0.94,0.099,-0.03899999999999995,9.502,3.1,491,36.0,36.0,36.0,491.0,36.0,0.0,0.0,0.0,1.0,True,True
XCAL12Sept,0.04,0.0,0.96,3.1,1.599,36,491.0,491.0,36.0,36.0,491.0,0.0,0.0,1.0,1.0,False,False
XCAL12Sept,0.639,0.0,0.361,1.599,9.614,491,491.0,36.0,36.0,491.0,490.0,1.0,0.0,0.0,1.0,False,False
XCAL12Sept,0.253,0.0,0.747,9.614,4.909,490,491.0,491.0,490.0,490.0,491.0,0.0,0.0,1.0,1.0,True,True
XCAL12Sept,0.162,0.0,0.838,4.909,26.03,491,490.0,490.0,491.0,491.0,33.0,0.0,0.0,1.0,1.0,False,True
XCAL12Sept,0.192,0.1,0.7080000000000001,26.03,2.201,33,491.0,491.0,33.0,33.0,12.0,0.0,0.0,1.0,1.0,True,True
XCAL12Sept,0.393,0.0,0.607,2.201,3.201,12,33.0,33.0,12.0,12.0,33.0,0.0,0.0,1.0,1.0,False,True
XCAL12Sept,0.594,0.0,0.406,3.201,2.101,33,12.0,12.0,33.0,33.0,12.0,0.0,0.0,1.0,1.0,False,True
XCAL12Sept,0.695,0.0,0.30500000000000005,2.101,97.917,12,33.0,33.0,12.0,12.0,12.0,0.0,0.0,1.0,1.0,False,True
XCAL12Sept,0.612,0.0,0.388,97.917,0.5,12,12.0,12.0,12.0,12.0,12.0,1.0,1.0,1.0,1.0,True,False
XCAL12Sept,0.112,0.0,0.888,0.5,6.9,12,12.0,12.0,12.0,12.0,33.0,1.0,1.0,1.0,1.0,False,False
XCAL12Sept,0.012,0.0,0.988,6.9,0.906,33,12.0,12.0,33.0,12.0,12.0,0.0,0.0,1.0,0.0,False,False
XCAL12Sept,0.918,0.099,-0.017000000000000043,0.906,8.733,12,12.0,12.0,33.0,12.0,33.0,1.0,1.0,0.0,1.0,False,False
XCAL12Sept,0.651,0.001,0.348,8.733,2.11,33,12.0,12.0,33.0,33.0,12.0,0.0,0.0,1.0,1.0,True,True
XCAL12Sept,0.761,0.104,0.135,2.11,1.618,12,33.0,33.0,12.0,12.0,33.0,0.0,0.0,1.0,1.0,False,False
XCAL12Sept,0.379,0.1,0.521,1.618,1.201,33,12.0,12.0,33.0,12.0,12.0,0.0,0.0,1.0,0.0,False,False
XCAL12Sept,0.58,0.0,0.42000000000000004,1.201,5.249,12,12.0,33.0,12.0,12.0,33.0,1.0,0.0,1.0,1.0,False,False
XCAL12Sept,0.829,0.0,0.17100000000000004,5.249,6.889,33,12.0,12.0,33.0,33.0,14.0,0.0,0.0,1.0,1.0,False,True
XCAL12Sept,0.718,0.0,0.28200000000000003,6.889,3.335,14,33.0,33.0,14.0,14.0,12.0,0.0,0.0,1.0,1.0,False,True
XCAL12Sept,0.053,0.0,0.947,3.335,32.162,12,14.0,14.0,12.0,12.0,487.0,0.0,0.0,1.0,1.0,False,True
XCAL12Sept,0.215,0.0,0.785,32.162,4.806,487,14.0,14.0,487.0,487.0,14.0,0.0,0.0,1.0,1.0,True,True
XCAL12Sept,0.021,0.0,0.979,4.806,1.202,14,487.0,487.0,14.0,487.0,487.0,0.0,0.0,1.0,0.0,False,False
XCAL12Sept,0.223,0.0,0.777,1.202,1.617,487,487.0,14.0,487.0,487.0,487.0,1.0,0.0,1.0,1.0,False,False
XCAL12Sept,0.84,0.096,0.06400000000000003,1.617,83.018,487,14.0,487.0,487.0,487.0,17.0,0.0,1.0,1.0,1.0,False,False
XCAL12Sept,0.858,0.001,0.14100000000000001,83.018,4.111,17,487.0,487.0,487.0,17.0,17.0,0.0,0.0,0.0,1.0,True,True
XCAL12Sept,0.969,0.001,0.030000000000000027,4.111,8.901,17,17.0,17.0,17.0,17.0,487.0,1.0,1.0,1.0,1.0,False,True
XCAL12Sept,0.87,0.0,0.13,8.901,3.498,487,17.0,17.0,17.0,487.0,212.0,0.0,0.0,0.0,1.0,True,True
XCAL12Sept,0.368,0.001,0.631,3.498,1.701,212,487.0,487.0,212.0,212.0,479.0,0.0,0.0,1.0,1.0,False,False
XCAL12Sept,0.069,0.099,0.8320000000000001,1.701,0.899,479,212.0,212.0,479.0,212.0,212.0,0.0,0.0,1.0,0.0,False,False
XCAL12Sept,0.968,0.0,0.03200000000000003,0.899,2.301,212,212.0,212.0,479.0,212.0,479.0,1.0,1.0,0.0,1.0,False,False
XCAL12Sept,0.269,0.0,0.731,2.301,1.004,479,212.0,212.0,479.0,212.0,212.0,0.0,0.0,1.0,0.0,False,False
XCAL12Sept,0.273,0.0,0.727,1.004,17.502,212,212.0,479.0,212.0,212.0,77.0,1.0,0.0,1.0,1.0,False,False
XCAL12Sept,0.775,0.001,0.22399999999999998,17.502,0.601,77,212.0,212.0,77.0,212.0,212.0,0.0,0.0,1.0,0.0,True,False
XCAL12Sept,0.376,0.0,0.624,0.601,73.032,212,212.0,77.0,212.0,212.0,346.0,1.0,0.0,1.0,1.0,False,False
XCAL12Sept,0.408,0.001,0.5910000000000001,73.032,13.174,346,212.0,212.0,346.0,346.0,261.0,0.0,0.0,1.0,1.0,True,True
XCAL12Sept,0.582,0.001,0.41700000000000004,13.174,3.697,261,346.0,346.0,261.0,261.0,346.0,0.0,0.0,1.0,1.0,True,True
XCAL12Sept,0.279,0.001,0.72,3.697,10.418,346,261.0,261.0,346.0,346.0,261.0,0.0,0.0,1.0,1.0,False,True
XCAL12Sept,0.697,0.0,0.30300000000000005,10.418,1.903,261,346.0,346.0,261.0,261.0,346.0,0.0,0.0,1.0,1.0,True,False
XCAL12Sept,0.6,0.001,0.399,1.903,37.398,346,261.0,261.0,346.0,346.0,38.0,0.0,0.0,1.0,1.0,False,False
XCAL12Sept,0.998,0.0,0.0020000000000000018,37.398,1.402,38,346.0,346.0,346.0,38.0,347.0,0.0,0.0,0.0,1.0,True,False
XCAL12Sept,0.4,0.0,0.6,1.402,6.199,347,346.0,38.0,38.0,347.0,38.0,0.0,0.0,0.0,1.0,False,False
XCAL12Sept,0.599,0.0,0.401,6.199,1.805,38,347.0,347.0,347.0,38.0,346.0,0.0,0.0,0.0,1.0,False,False
XCAL12Sept,0.404,0.095,0.501,1.805,3.916,346,347.0,38.0,346.0,346.0,38.0,0.0,0.0,1.0,1.0,False,False
XCAL12Sept,0.32,0.082,0.598,3.916,5.089,38,346.0,346.0,38.0,38.0,347.0,0.0,0.0,1.0,1.0,False,True
XCAL12Sept,0.409,0.0,0.591,5.089,7.891,347,38.0,38.0,38.0,347.0,38.0,0.0,0.0,0.0,1.0,False,True
XCAL12Sept,0.3,0.0,0.7,7.891,36.207,38,38.0,38.0,38.0,38.0,43.0,1.0,1.0,1.0,1.0,False,True
XCAL13Sept,0.178,0.09,0.7320000000000001,9000000000.0,43.858,182,182.0,182.0,182.0,182.0,234.0,1.0,1.0,1.0,1.0,True,True
XCAL13Sept,0.036,0.024,0.94,43.858,98.908,234,182.0,182.0,234.0,234.0,188.0,0.0,0.0,1.0,1.0,True,True
XCAL13Sept,0.944,0.001,0.05500000000000005,98.908,41.03,188,234.0,234.0,234.0,188.0,355.0,0.0,0.0,0.0,1.0,True,True
XCAL13Sept,0.974,0.0,0.026000000000000023,41.03,3.724,355,188.0,188.0,188.0,355.0,340.0,0.0,0.0,0.0,1.0,True,True
XCAL13Sept,0.698,0.001,0.30100000000000005,3.724,5.791,340,355.0,355.0,340.0,340.0,6.0,0.0,0.0,1.0,1.0,False,True
XCAL13Sept,0.489,0.001,0.51,5.791,53.217,6,340.0,340.0,6.0,6.0,77.0,0.0,0.0,1.0,1.0,False,True
XCAL13Sept,0.706,0.0,0.29400000000000004,53.217,4.609,77,6.0,6.0,77.0,77.0,6.0,0.0,0.0,1.0,1.0,True,True
XCAL13Sept,0.315,0.1,0.5850000000000001,4.609,11.379,6,77.0,77.0,6.0,6.0,77.0,0.0,0.0,1.0,1.0,False,True
XCAL13Sept,0.694,0.0,0.30600000000000005,11.379,10.704,77,6.0,6.0,77.0,77.0,6.0,0.0,0.0,1.0,1.0,True,True
XCAL13Sept,0.398,0.001,0.601,10.704,10.698,6,77.0,77.0,6.0,6.0,77.0,0.0,0.0,1.0,1.0,True,True
XCAL13Sept,0.096,0.001,0.903,10.698,23.754,77,6.0,6.0,77.0,77.0,6.0,0.0,0.0,1.0,1.0,True,True
XCAL13Sept,0.85,0.091,0.059000000000000025,23.754,26.546,6,77.0,77.0,6.0,6.0,77.0,0.0,0.0,1.0,1.0,True,True
XCAL13Sept,0.396,0.001,0.603,26.546,26.058,77,6.0,6.0,77.0,77.0,491.0,0.0,0.0,1.0,1.0,True,True
XCAL13Sept,0.454,0.001,0.545,26.058,17.535,491,77.0,77.0,491.0,491.0,491.0,0.0,0.0,1.0,1.0,True,True
XCAL13Sept,0.989,0.0,0.01100000000000001,17.535,3.303,491,491.0,491.0,491.0,491.0,477.0,1.0,1.0,1.0,1.0,True,True
XCAL13Sept,0.292,0.0,0.708,3.303,9.203,477,491.0,491.0,477.0,477.0,101.0,0.0,0.0,1.0,1.0,False,True
XCAL13Sept,0.495,0.0,0.505,9.203,1.619,101,477.0,477.0,101.0,101.0,100.0,0.0,0.0,1.0,1.0,True,False
XCAL13Sept,0.114,0.091,0.795,1.619,17.308,100,101.0,101.0,100.0,100.0,477.0,0.0,0.0,1.0,1.0,False,False
XCAL13Sept,0.422,0.001,0.5770000000000001,17.308,1.898,477,100.0,100.0,477.0,477.0,477.0,0.0,0.0,1.0,1.0,True,False
XCAL13Sept,0.32,0.001,0.6789999999999999,1.898,22.836,477,477.0,477.0,477.0,477.0,4.0,1.0,1.0,1.0,1.0,False,False
XCAL13Sept,0.156,0.1,0.744,22.836,5.689,4,477.0,477.0,4.0,4.0,477.0,0.0,0.0,1.0,1.0,True,True
XCAL13Sept,0.845,0.001,0.15400000000000003,5.689,3.587,477,4.0,4.0,477.0,477.0,3.0,0.0,0.0,1.0,1.0,False,True
XCAL13Sept,0.432,0.101,0.4670000000000001,3.587,8.207,3,477.0,477.0,3.0,3.0,371.0,0.0,0.0,1.0,1.0,False,True
XCAL13Sept,0.639,0.001,0.36,8.207,1.498,371,3.0,3.0,371.0,371.0,369.0,0.0,0.0,1.0,1.0,True,False
XCAL13Sept,0.137,0.001,0.862,1.498,2.802,369,371.0,371.0,369.0,369.0,371.0,0.0,0.0,1.0,1.0,False,False
XCAL13Sept,0.939,0.001,0.06000000000000005,2.802,1.4,371,369.0,369.0,369.0,371.0,3.0,0.0,0.0,0.0,1.0,False,False
XCAL13Sept,0.339,0.001,0.66,1.4,17.304,3,369.0,371.0,3.0,3.0,34.0,0.0,0.0,1.0,1.0,False,False
XCAL13Sept,0.643,0.001,0.356,17.304,20.008,34,3.0,3.0,34.0,34.0,33.0,0.0,0.0,1.0,1.0,True,True
XCAL13Sept,0.651,0.001,0.348,20.008,13.505,33,34.0,34.0,33.0,33.0,33.0,0.0,0.0,1.0,1.0,True,True
XCAL13Sept,0.156,0.0,0.844,13.505,7.707,33,33.0,33.0,33.0,33.0,134.0,1.0,1.0,1.0,1.0,True,True
XCAL13Sept,0.863,0.003,0.134,7.707,19.105,134,33.0,33.0,134.0,134.0,349.0,0.0,0.0,1.0,1.0,False,True
XCAL13Sept,0.968,0.0,0.03200000000000003,19.105,6.402,349,134.0,134.0,134.0,349.0,226.0,0.0,0.0,0.0,1.0,True,True
XCAL13Sept,0.37,0.1,0.53,6.402,4.799,226,349.0,349.0,226.0,226.0,349.0,0.0,0.0,1.0,1.0,False,True
XCAL13Sept,0.169,0.101,0.73,4.799,7.407,349,483.0,483.0,349.0,349.0,483.0,0.0,0.0,1.0,1.0,False,True
XCAL13Sept,0.576,0.001,0.42300000000000004,7.407,1.801,483,349.0,349.0,483.0,483.0,59.0,0.0,0.0,1.0,1.0,False,False
XCAL13Sept,0.377,0.0,0.623,1.801,2.301,59,483.0,483.0,59.0,59.0,32.0,0.0,0.0,1.0,1.0,False,False
XCAL13Sept,0.678,0.101,0.22099999999999995,2.301,2.202,32,59.0,59.0,32.0,32.0,59.0,0.0,0.0,1.0,1.0,False,True
XCAL13Sept,0.88,0.002,0.118,2.202,0.599,59,32.0,32.0,59.0,496.0,496.0,0.0,0.0,1.0,0.0,False,False
XCAL13Sept,0.479,0.001,0.52,0.599,9.522,496,32.0,59.0,496.0,496.0,424.0,0.0,0.0,1.0,1.0,False,False
XCAL13Sept,0.001,0.0,0.999,9.522,3.403,424,496.0,496.0,424.0,424.0,59.0,0.0,0.0,1.0,1.0,True,True
XCAL13Sept,0.404,0.0,0.596,3.403,1.901,59,424.0,424.0,59.0,59.0,483.0,0.0,0.0,1.0,1.0,False,False
XCAL13Sept,0.305,0.001,0.6940000000000001,1.901,2.099,483,59.0,59.0,483.0,483.0,56.0,0.0,0.0,1.0,1.0,False,False
XCAL13Sept,0.404,0.001,0.595,2.099,4.803,56,483.0,483.0,56.0,56.0,59.0,0.0,0.0,1.0,1.0,False,True
XCAL13Sept,0.207,0.001,0.792,4.803,10.024,59,56.0,56.0,59.0,59.0,496.0,0.0,0.0,1.0,1.0,False,True
XCAL13Sept,0.231,0.001,0.768,10.024,5.709,496,59.0,59.0,496.0,496.0,59.0,0.0,0.0,1.0,1.0,True,True
XCAL13Sept,0.94,0.001,0.05900000000000005,5.709,3.091,59,496.0,496.0,59.0,59.0,59.0,0.0,0.0,1.0,1.0,False,True
XCAL13Sept,0.031,0.001,0.968,3.091,1.001,59,59.0,59.0,59.0,349.0,349.0,1.0,1.0,1.0,0.0,False,False
XCAL13Sept,0.032,0.0,0.968,1.001,1.6,349,59.0,59.0,349.0,134.0,134.0,0.0,0.0,1.0,0.0,False,False
XCAL13Sept,0.632,0.001,0.367,1.6,0.801,134,59.0,349.0,134.0,59.0,59.0,0.0,0.0,1.0,0.0,False,False
XCAL13Sept,0.433,0.0,0.567,0.801,5.904,59,349.0,134.0,59.0,59.0,32.0,0.0,0.0,1.0,1.0,False,False
XCAL13Sept,0.337,0.104,0.559,5.904,6.69,32,59.0,349.0,32.0,32.0,396.0,0.0,0.0,1.0,1.0,False,True
XCAL13Sept,0.027,0.1,0.873,6.69,1.503,396,32.0,32.0,396.0,30.0,30.0,0.0,0.0,1.0,0.0,False,False
XCAL13Sept,0.53,0.0,0.47,1.503,2.802,30,32.0,396.0,30.0,30.0,349.0,0.0,0.0,1.0,1.0,False,False
XCAL13Sept,0.332,0.0,0.6679999999999999,2.802,8.633,349,30.0,30.0,349.0,349.0,348.0,0.0,0.0,1.0,1.0,False,True
XCAL13Sept,0.965,0.083,-0.04799999999999997,8.633,0.905,348,349.0,349.0,349.0,348.0,349.0,0.0,0.0,0.0,1.0,True,False
XCAL13Sept,0.87,0.087,0.04300000000000001,0.905,1.408,349,349.0,349.0,348.0,349.0,348.0,1.0,1.0,0.0,1.0,False,False
XCAL13Sept,0.278,0.086,0.636,1.408,1.887,348,348.0,349.0,348.0,348.0,348.0,1.0,0.0,1.0,1.0,False,False
XCAL13Sept,0.165,0.001,0.834,1.887,1.504,348,348.0,348.0,348.0,348.0,348.0,1.0,1.0,1.0,1.0,False,False
XCAL13Sept,0.669,0.0,0.33099999999999996,1.504,15.805,348,348.0,348.0,348.0,348.0,215.0,1.0,1.0,1.0,1.0,False,False
XCAL13Sept,0.474,0.001,0.525,15.805,6.314,215,348.0,348.0,215.0,215.0,348.0,0.0,0.0,1.0,1.0,True,True
XCAL13Sept,0.788,0.098,0.11399999999999996,6.314,1.101,348,215.0,215.0,348.0,348.0,214.0,0.0,0.0,1.0,1.0,False,False
XCAL13Sept,0.889,0.0,0.11099999999999999,1.101,4.397,214,215.0,348.0,348.0,214.0,16.0,0.0,0.0,0.0,1.0,False,False
XCAL13Sept,0.286,0.1,0.614,4.397,6.502,16,214.0,214.0,16.0,16.0,30.0,0.0,0.0,1.0,1.0,False,True
XCAL13Sept,0.788,0.001,0.21099999999999997,6.502,1.4,30,16.0,16.0,30.0,30.0,16.0,0.0,0.0,1.0,1.0,False,False
XCAL13Sept,0.188,0.0,0.812,1.4,0.605,16,30.0,30.0,30.0,30.0,30.0,0.0,0.0,0.0,0.0,False,False
XCAL13Sept,0.793,0.0,0.20699999999999996,0.605,7.455,30,30.0,30.0,30.0,30.0,392.0,1.0,1.0,1.0,1.0,False,False
XCAL13Sept,0.248,0.0,0.752,7.455,0.604,392,30.0,30.0,30.0,396.0,30.0,0.0,0.0,0.0,0.0,False,False
XCAL13Sept,0.852,0.1,0.048000000000000015,0.604,0.997,30,30.0,30.0,30.0,396.0,396.0,1.0,1.0,1.0,0.0,False,False
XCAL13Sept,0.849,0.001,0.15000000000000002,0.997,1.517,396,30.0,30.0,396.0,396.0,30.0,0.0,0.0,1.0,1.0,False,False
XCAL13Sept,0.366,0.098,0.536,1.517,2.598,30,396.0,396.0,30.0,30.0,69.0,0.0,0.0,1.0,1.0,False,False
XCAL13Sept,0.964,0.001,0.03500000000000003,2.598,4.004,69,30.0,30.0,69.0,69.0,30.0,0.0,0.0,1.0,1.0,False,True
XCAL13Sept,0.968,0.099,-0.06699999999999998,4.004,5.008,30,69.0,69.0,69.0,30.0,341.0,0.0,0.0,0.0,1.0,False,True
XCAL13Sept,0.976,0.1,-0.07599999999999998,5.008,0.701,341,30.0,30.0,30.0,30.0,30.0,0.0,0.0,0.0,0.0,False,False
XCAL13Sept,0.677,0.001,0.32199999999999995,0.701,2.8,30,30.0,30.0,30.0,30.0,391.0,1.0,1.0,1.0,1.0,False,False
XCAL13Sept,0.477,0.001,0.522,2.8,2.204,391,30.0,30.0,391.0,391.0,30.0,0.0,0.0,1.0,1.0,False,True
XCAL13Sept,0.681,0.0,0.31899999999999995,2.204,2.303,30,391.0,391.0,30.0,30.0,348.0,0.0,0.0,1.0,1.0,False,True
XCAL13Sept,0.984,0.001,0.015000000000000013,2.303,4.407,348,30.0,30.0,30.0,348.0,392.0,0.0,0.0,0.0,1.0,False,True
XCAL13Sept,0.391,0.096,0.513,4.407,5.408,392,348.0,348.0,392.0,392.0,4.0,0.0,0.0,1.0,1.0,False,True
XCAL13Sept,0.799,0.0,0.20099999999999996,5.408,1.998,4,392.0,392.0,4.0,4.0,30.0,0.0,0.0,1.0,1.0,False,False
XCAL13Sept,0.797,0.001,0.20199999999999996,1.998,2.802,30,4.0,4.0,30.0,30.0,404.0,0.0,0.0,1.0,1.0,False,False
XCAL13Sept,0.599,0.001,0.4,2.802,11.61,404,30.0,30.0,404.0,404.0,69.0,0.0,0.0,1.0,1.0,False,True
XCAL13Sept,0.209,0.001,0.79,11.61,3.407,69,404.0,404.0,69.0,69.0,35.0,0.0,0.0,1.0,1.0,True,True
XCAL13Sept,0.616,0.001,0.383,3.407,2.501,35,69.0,69.0,35.0,35.0,69.0,0.0,0.0,1.0,1.0,False,True
XCAL13Sept,0.117,0.001,0.882,2.501,1.424,69,35.0,35.0,69.0,35.0,35.0,0.0,0.0,1.0,0.0,False,False
XCAL13Sept,0.541,0.085,0.37399999999999994,1.424,1.39,35,35.0,69.0,35.0,35.0,69.0,1.0,0.0,1.0,1.0,False,False
XCAL13Sept,0.931,0.001,0.06799999999999995,1.39,2.303,69,69.0,35.0,35.0,69.0,35.0,1.0,0.0,0.0,1.0,False,False
XCAL13Sept,0.234,0.0,0.766,2.303,2.997,35,69.0,69.0,35.0,35.0,69.0,0.0,0.0,1.0,1.0,False,True
XCAL13Sept,0.231,0.001,0.768,2.997,12.42,69,35.0,35.0,69.0,69.0,91.0,0.0,0.0,1.0,1.0,False,True
XCAL13Sept,0.651,0.091,0.258,12.42,5.394,91,69.0,69.0,91.0,91.0,58.0,0.0,0.0,1.0,1.0,True,True
XCAL13Sept,0.045,0.0,0.955,5.394,22.301,58,91.0,91.0,58.0,58.0,66.0,0.0,0.0,1.0,1.0,False,True
XCAL13Sept,0.346,0.001,0.653,22.301,21.222,66,58.0,58.0,66.0,66.0,35.0,0.0,0.0,1.0,1.0,True,True
XCAL13Sept,0.568,0.098,0.3340000000000001,21.222,3.7,35,66.0,66.0,35.0,35.0,66.0,0.0,0.0,1.0,1.0,True,True
XCAL13Sept,0.268,0.0,0.732,3.7,2.399,66,35.0,35.0,66.0,66.0,58.0,0.0,0.0,1.0,1.0,False,True
XCAL13Sept,0.667,0.0,0.33299999999999996,2.399,27.117,58,66.0,66.0,58.0,58.0,404.0,0.0,0.0,1.0,1.0,False,True
XCAL13Sept,0.784,0.001,0.21499999999999997,27.117,7.39,404,58.0,58.0,404.0,404.0,214.0,0.0,0.0,1.0,1.0,True,True
XCAL13Sept,0.174,0.0,0.8260000000000001,7.39,1.401,214,404.0,404.0,214.0,404.0,404.0,0.0,0.0,1.0,0.0,False,False
XCAL13Sept,0.575,0.0,0.42500000000000004,1.401,2.616,404,404.0,214.0,404.0,404.0,30.0,1.0,0.0,1.0,1.0,False,False
XCAL13Sept,0.191,0.0,0.8089999999999999,2.616,17.406,30,404.0,404.0,30.0,30.0,291.0,0.0,0.0,1.0,1.0,False,True
XCAL13Sept,0.597,0.102,0.30100000000000005,17.406,1.202,291,30.0,30.0,291.0,32.0,32.0,0.0,0.0,1.0,0.0,True,False
XCAL13Sept,0.799,0.001,0.19999999999999996,1.202,7.612,32,30.0,291.0,32.0,32.0,398.0,0.0,0.0,1.0,1.0,False,False
XCAL13Sept,0.411,0.0,0.589,7.612,0.602,398,32.0,32.0,398.0,32.0,32.0,0.0,0.0,1.0,0.0,False,False
XCAL13Sept,0.013,0.001,0.986,0.602,5.496,32,32.0,398.0,32.0,32.0,483.0,1.0,0.0,1.0,1.0,False,False
XCAL13Sept,0.509,0.0,0.491,5.496,4.612,483,32.0,32.0,483.0,483.0,427.0,0.0,0.0,1.0,1.0,False,True
XCAL13Sept,0.121,0.001,0.878,4.612,5.702,427,483.0,483.0,427.0,427.0,59.0,0.0,0.0,1.0,1.0,False,True
XCAL13Sept,0.823,0.0,0.17700000000000005,5.702,7.704,59,427.0,427.0,59.0,59.0,4.0,0.0,0.0,1.0,1.0,False,True
XCAL13Sept,0.527,0.001,0.472,7.704,1.403,4,59.0,59.0,4.0,4.0,483.0,0.0,0.0,1.0,1.0,False,False
XCAL13Sept,0.93,0.0,0.06999999999999995,1.403,2.503,483,59.0,4.0,4.0,483.0,324.0,0.0,0.0,0.0,1.0,False,False
XCAL13Sept,0.433,0.0,0.567,2.503,3.1,324,483.0,483.0,324.0,134.0,285.0,0.0,0.0,1.0,0.0,False,True
XCAL13Sept,0.533,0.0,0.46699999999999997,3.1,1.202,285,134.0,134.0,285.0,134.0,134.0,0.0,0.0,1.0,0.0,False,False
XCAL13Sept,0.735,0.0,0.265,1.202,5.667,134,134.0,285.0,134.0,134.0,285.0,1.0,0.0,1.0,1.0,False,False
XCAL13Sept,0.402,0.0,0.598,5.667,4.113,285,134.0,134.0,285.0,285.0,285.0,0.0,0.0,1.0,1.0,False,True
XCAL13Sept,0.515,0.002,0.483,4.113,5.791,285,285.0,285.0,285.0,285.0,408.0,1.0,1.0,1.0,1.0,False,True
XCAL13Sept,0.306,0.0,0.694,5.791,1.729,408,285.0,285.0,408.0,408.0,74.0,0.0,0.0,1.0,1.0,False,False
XCAL13Sept,0.035,0.001,0.964,1.729,4.008,74,408.0,408.0,74.0,74.0,408.0,0.0,0.0,1.0,1.0,False,False
XCAL13Sept,0.043,0.001,0.956,4.008,8.767,408,74.0,74.0,408.0,408.0,410.0,0.0,0.0,1.0,1.0,False,True
XCAL13Sept,0.81,0.001,0.18899999999999995,8.767,40.447,410,408.0,409.0,410.0,410.0,5.0,0.0,0.0,1.0,1.0,True,True
XCAL13Sept,0.257,0.098,0.645,40.447,61.551,5,371.0,371.0,5.0,5.0,477.0,0.0,0.0,1.0,1.0,True,True
XCAL13Sept,0.808,0.0,0.19199999999999995,61.551,3.402,477,477.0,477.0,477.0,477.0,491.0,1.0,1.0,1.0,1.0,True,True
XCAL13Sept,0.21,0.0,0.79,3.402,6.704,491,477.0,477.0,491.0,491.0,101.0,0.0,0.0,1.0,1.0,False,True
XCAL13Sept,0.914,0.1,-0.01400000000000004,6.704,0.701,101,491.0,491.0,491.0,491.0,491.0,0.0,0.0,0.0,0.0,False,False
XCAL13Sept,0.615,0.0,0.385,0.701,48.661,491,491.0,491.0,491.0,491.0,101.0,1.0,1.0,1.0,1.0,False,False
XCAL13Sept,0.276,0.0,0.724,48.661,1.098,101,491.0,491.0,101.0,100.0,100.0,0.0,0.0,1.0,0.0,True,False
XCAL13Sept,0.374,0.001,0.625,1.098,4.101,100,491.0,101.0,100.0,100.0,101.0,0.0,0.0,1.0,1.0,False,False
XCAL13Sept,0.475,0.0,0.525,4.101,1.104,101,100.0,100.0,101.0,477.0,477.0,0.0,0.0,1.0,0.0,False,False
XCAL13Sept,0.579,0.0,0.42100000000000004,1.104,53.072,477,100.0,101.0,477.0,477.0,3.0,0.0,0.0,1.0,1.0,False,False
XCAL13Sept,0.651,0.0,0.349,53.072,5.779,3,4.0,4.0,3.0,3.0,371.0,0.0,0.0,1.0,1.0,True,True
XCAL13Sept,0.43,0.002,0.5680000000000001,5.779,1.714,371,3.0,3.0,371.0,371.0,369.0,0.0,0.0,1.0,1.0,False,False
XCAL13Sept,0.144,0.0,0.856,1.714,1.811,369,371.0,371.0,369.0,369.0,371.0,0.0,0.0,1.0,1.0,False,False
XCAL13Sept,0.955,0.097,-0.05199999999999996,1.811,2.405,371,371.0,369.0,369.0,371.0,3.0,1.0,0.0,0.0,1.0,False,False
XCAL13Sept,0.36,0.001,0.639,2.405,18.468,3,371.0,371.0,3.0,3.0,34.0,0.0,0.0,1.0,1.0,False,True
XCAL13Sept,0.828,0.0,0.17200000000000004,18.468,100.594,34,3.0,3.0,34.0,34.0,59.0,0.0,0.0,1.0,1.0,True,True
XCAL13Sept,0.422,0.001,0.5770000000000001,100.594,1.805,59,349.0,349.0,59.0,59.0,32.0,0.0,0.0,1.0,1.0,True,False
XCAL13Sept,0.227,0.0,0.773,1.805,1.6,32,59.0,59.0,32.0,59.0,59.0,0.0,0.0,1.0,0.0,False,False
XCAL13Sept,0.827,0.0,0.17300000000000004,1.6,0.601,59,59.0,32.0,59.0,427.0,427.0,1.0,0.0,1.0,0.0,False,False
XCAL13Sept,0.428,0.001,0.5710000000000001,0.601,1.601,427,32.0,59.0,427.0,427.0,496.0,0.0,0.0,1.0,1.0,False,False
XCAL13Sept,0.029,0.001,0.97,1.601,21.151,496,427.0,427.0,496.0,496.0,56.0,0.0,0.0,1.0,1.0,False,False
XCAL13Sept,0.18,0.001,0.8190000000000001,21.151,4.099,56,483.0,483.0,483.0,56.0,483.0,0.0,0.0,0.0,1.0,True,True
XCAL13Sept,0.279,0.0,0.721,4.099,0.999,483,56.0,56.0,56.0,483.0,56.0,0.0,0.0,0.0,1.0,False,False
XCAL13Sept,0.278,0.1,0.622,0.999,1.001,56,56.0,56.0,483.0,56.0,483.0,1.0,1.0,0.0,1.0,False,False
XCAL13Sept,0.279,0.0,0.721,1.001,2.702,483,56.0,483.0,56.0,483.0,59.0,0.0,1.0,0.0,1.0,False,False
XCAL13Sept,0.981,0.001,0.018000000000000016,2.702,18.785,59,56.0,483.0,59.0,59.0,349.0,0.0,0.0,1.0,1.0,False,True
XCAL13Sept,0.766,0.0,0.23399999999999999,18.785,4.005,349,59.0,59.0,349.0,349.0,32.0,0.0,0.0,1.0,1.0,True,True
XCAL13Sept,0.771,0.1,0.12899999999999998,4.005,24.647,32,349.0,349.0,32.0,32.0,349.0,0.0,0.0,1.0,1.0,False,True
XCAL13Sept,0.418,0.1,0.4820000000000001,24.647,47.941,349,348.0,348.0,349.0,349.0,215.0,0.0,0.0,1.0,1.0,True,True
XCAL13Sept,0.359,0.1,0.541,47.941,7.706,215,348.0,348.0,215.0,215.0,225.0,0.0,0.0,1.0,1.0,True,True
XCAL13Sept,0.065,0.001,0.934,7.706,7.402,225,215.0,215.0,225.0,225.0,214.0,0.0,0.0,1.0,1.0,False,True
XCAL13Sept,0.467,0.001,0.5319999999999999,7.402,2.599,214,225.0,225.0,214.0,214.0,241.0,0.0,0.0,1.0,1.0,False,True
XCAL13Sept,0.066,0.1,0.834,2.599,2.612,241,214.0,214.0,241.0,241.0,214.0,0.0,0.0,1.0,1.0,False,True
XCAL13Sept,0.678,0.001,0.32099999999999995,2.612,7.401,214,241.0,241.0,214.0,214.0,226.0,0.0,0.0,1.0,1.0,False,True
XCAL13Sept,0.079,0.001,0.92,7.401,127.857,226,214.0,214.0,226.0,226.0,334.0,0.0,0.0,1.0,1.0,False,True
XCAL13Sept,0.936,0.001,0.06299999999999994,127.857,1.101,334,200.0,200.0,200.0,334.0,200.0,0.0,0.0,0.0,1.0,True,False
XCAL13Sept,0.037,0.0,0.963,1.101,5.397,200,200.0,334.0,334.0,200.0,334.0,1.0,0.0,0.0,1.0,False,False
XCAL13Sept,0.434,0.001,0.5650000000000001,5.397,3.003,334,200.0,200.0,200.0,334.0,200.0,0.0,0.0,0.0,1.0,False,True
XCAL13Sept,0.437,0.099,0.46399999999999997,3.003,3.302,200,334.0,334.0,334.0,200.0,334.0,0.0,0.0,0.0,1.0,False,True
XCAL13Sept,0.739,0.099,0.162,3.302,5.5,334,200.0,200.0,200.0,334.0,200.0,0.0,0.0,0.0,1.0,False,True
XCAL13Sept,0.239,0.0,0.761,5.5,23.908,200,334.0,334.0,334.0,200.0,334.0,0.0,0.0,0.0,1.0,False,True
XCAL13Sept,0.147,0.0,0.853,23.908,7.602,334,200.0,200.0,200.0,334.0,200.0,0.0,0.0,0.0,1.0,True,True
XCAL13Sept,0.749,0.101,0.15,7.602,0.507,200,334.0,334.0,200.0,334.0,334.0,0.0,0.0,1.0,0.0,False,False
XCAL13Sept,0.256,0.096,0.648,0.507,1.697,334,334.0,200.0,334.0,334.0,200.0,1.0,0.0,1.0,1.0,False,False
XCAL13Sept,0.953,0.0,0.04700000000000004,1.697,6.403,200,200.0,334.0,334.0,200.0,334.0,1.0,0.0,0.0,1.0,False,False
XCAL13Sept,0.356,0.097,0.547,6.403,1.701,334,200.0,200.0,334.0,334.0,200.0,0.0,0.0,1.0,1.0,False,False
XCAL13Sept,0.057,0.001,0.942,1.701,6.799,200,334.0,334.0,334.0,200.0,334.0,0.0,0.0,0.0,1.0,False,False
XCAL13Sept,0.856,0.0,0.14400000000000002,6.799,14.3,334,200.0,200.0,200.0,334.0,167.0,0.0,0.0,0.0,1.0,False,True
XCAL13Sept,0.156,0.0,0.844,14.3,0.705,167,334.0,334.0,334.0,334.0,334.0,0.0,0.0,0.0,0.0,True,False
XCAL13Sept,0.861,0.098,0.04100000000000001,0.705,6.399,334,334.0,334.0,334.0,334.0,167.0,1.0,1.0,1.0,1.0,False,False
XCAL13Sept,0.26,0.0,0.74,6.399,2.0,167,334.0,334.0,334.0,167.0,334.0,0.0,0.0,0.0,1.0,False,False
XCAL13Sept,0.26,0.001,0.739,2.0,3.41,334,334.0,167.0,167.0,334.0,216.0,1.0,0.0,0.0,1.0,False,False
XCAL13Sept,0.67,0.1,0.22999999999999995,3.41,89.516,216,334.0,334.0,334.0,216.0,7.0,0.0,0.0,0.0,1.0,False,True
XCAL13Sept,0.186,0.0,0.8140000000000001,89.516,7.201,7,216.0,216.0,7.0,7.0,6.0,0.0,0.0,1.0,1.0,True,True
XCAL13Sept,0.387,0.001,0.612,7.201,63.909,6,7.0,7.0,6.0,6.0,180.0,0.0,0.0,1.0,1.0,False,True
XCAL13Sept,0.296,0.001,0.703,63.909,1.099,180,6.0,6.0,180.0,6.0,6.0,0.0,0.0,1.0,0.0,True,False
XCAL13Sept,0.395,0.001,0.604,1.099,2.8,6,6.0,180.0,6.0,6.0,180.0,1.0,0.0,1.0,1.0,False,False
XCAL13Sept,0.195,0.001,0.8039999999999999,2.8,17.005,180,6.0,6.0,180.0,180.0,185.0,0.0,0.0,1.0,1.0,False,True
XCAL13Sept,0.2,0.101,0.6990000000000001,17.005,1.701,185,180.0,180.0,185.0,185.0,185.0,0.0,0.0,1.0,1.0,True,False
XCAL13Sept,0.901,0.001,0.09799999999999998,1.701,46.519,185,180.0,185.0,185.0,185.0,163.0,0.0,1.0,1.0,1.0,False,False
XCAL13Sept,0.42,0.001,0.5790000000000001,46.519,69.719,163,185.0,185.0,185.0,163.0,170.0,0.0,0.0,0.0,1.0,True,True
XCAL13Sept,0.139,0.001,0.86,69.719,1.393,170,163.0,163.0,163.0,170.0,163.0,0.0,0.0,0.0,1.0,True,False
XCAL13Sept,0.532,0.0,0.46799999999999997,1.393,19.802,163,163.0,163.0,170.0,163.0,162.0,1.0,1.0,0.0,1.0,False,False
XCAL13Sept,0.334,0.0,0.6659999999999999,19.802,32.315,162,163.0,163.0,163.0,162.0,430.0,0.0,0.0,0.0,1.0,True,True
XCAL13Sept,0.649,0.001,0.35,32.315,23.509,430,162.0,162.0,162.0,430.0,135.0,0.0,0.0,0.0,1.0,True,True
XCAL13Sept,0.158,0.096,0.746,23.509,13.698,135,430.0,430.0,135.0,135.0,136.0,0.0,0.0,1.0,1.0,True,True
XCAL13Sept,0.856,0.001,0.14300000000000002,13.698,15.176,136,135.0,135.0,136.0,136.0,64.0,0.0,0.0,1.0,1.0,True,True
XCAL13Sept,0.032,0.001,0.967,15.176,0.901,64,136.0,136.0,64.0,33.0,33.0,0.0,0.0,1.0,0.0,True,False
XCAL13Sept,0.933,0.0,0.06699999999999995,0.901,21.83,33,136.0,136.0,64.0,33.0,139.0,0.0,0.0,0.0,1.0,False,False
XCAL13Sept,0.763,0.001,0.236,21.83,19.408,139,33.0,33.0,139.0,139.0,170.0,0.0,0.0,1.0,1.0,True,True
XCAL13Sept,0.171,0.0,0.829,19.408,6.834,170,139.0,139.0,170.0,170.0,139.0,0.0,0.0,1.0,1.0,True,True
XCAL13Sept,0.005,0.088,0.907,6.834,0.689,139,170.0,170.0,139.0,138.0,138.0,0.0,0.0,1.0,0.0,False,False
XCAL13Sept,0.694,0.001,0.30500000000000005,0.689,14.803,138,170.0,170.0,139.0,138.0,135.0,0.0,0.0,0.0,1.0,False,False
XCAL13Sept,0.497,0.001,0.502,14.803,7.301,135,138.0,138.0,138.0,135.0,12.0,0.0,0.0,0.0,1.0,True,True
XCAL13Sept,0.798,0.0,0.20199999999999996,7.301,6.202,12,135.0,135.0,12.0,12.0,135.0,0.0,0.0,1.0,1.0,False,True
XCAL13Sept,0.0,0.001,0.999,6.202,14.699,135,12.0,12.0,135.0,135.0,240.0,0.0,0.0,1.0,1.0,False,True
XCAL13Sept,0.699,0.001,0.30000000000000004,14.699,0.507,240,135.0,135.0,240.0,135.0,2.0,0.0,0.0,1.0,0.0,True,False
XCAL13Sept,0.206,0.001,0.793,0.507,0.594,2,135.0,240.0,135.0,135.0,135.0,0.0,0.0,0.0,0.0,False,False
XCAL13Sept,0.8,0.001,0.19899999999999995,0.594,3.702,135,135.0,240.0,135.0,135.0,240.0,1.0,0.0,1.0,1.0,False,False
XCAL13Sept,0.502,0.001,0.497,3.702,5.519,240,135.0,135.0,240.0,240.0,242.0,0.0,0.0,1.0,1.0,False,True
XCAL13Sept,0.021,0.001,0.978,5.519,9.496,242,240.0,240.0,242.0,242.0,445.0,0.0,0.0,1.0,1.0,False,True
XCAL13Sept,0.517,0.0,0.483,9.496,1.5,445,242.0,242.0,445.0,445.0,445.0,0.0,0.0,1.0,1.0,True,False
XCAL13Sept,0.017,0.001,0.982,1.5,15.517,445,445.0,445.0,445.0,445.0,445.0,1.0,1.0,1.0,1.0,False,False
XCAL13Sept,0.534,0.0,0.46599999999999997,15.517,52.129,445,445.0,445.0,445.0,445.0,446.0,1.0,1.0,1.0,1.0,True,True
XCAL13Sept,0.663,0.001,0.33599999999999997,52.129,35.811,446,445.0,445.0,445.0,446.0,21.0,0.0,0.0,0.0,1.0,True,True
XCAL13Sept,0.474,0.0,0.526,35.811,4.912,21,446.0,446.0,446.0,21.0,22.0,0.0,0.0,0.0,1.0,True,True
XCAL13Sept,0.386,0.001,0.613,4.912,5.49,22,21.0,21.0,21.0,22.0,21.0,0.0,0.0,0.0,1.0,False,True
XCAL13Sept,0.876,0.0,0.124,5.49,5.114,21,22.0,22.0,22.0,21.0,490.0,0.0,0.0,0.0,1.0,False,True
XCAL13Sept,0.99,0.09,-0.07999999999999999,5.114,10.597,490,21.0,21.0,21.0,490.0,489.0,0.0,0.0,0.0,1.0,False,True
XCAL13Sept,0.587,0.099,0.31400000000000006,10.597,9.604,489,490.0,490.0,489.0,489.0,16.0,0.0,0.0,1.0,1.0,True,True
XCAL13Sept,0.191,0.001,0.8079999999999999,9.604,1.601,16,489.0,489.0,16.0,16.0,16.0,0.0,0.0,1.0,1.0,True,False
XCAL13Sept,0.792,0.0,0.20799999999999996,1.601,17.323,16,489.0,16.0,16.0,16.0,454.0,0.0,1.0,1.0,1.0,False,False
XCAL13Sept,0.115,0.0,0.885,17.323,2.494,454,16.0,16.0,454.0,454.0,17.0,0.0,0.0,1.0,1.0,True,True
XCAL13Sept,0.609,0.098,0.29300000000000004,2.494,3.599,17,454.0,454.0,454.0,17.0,17.0,0.0,0.0,0.0,1.0,False,True
XCAL13Sept,0.208,0.001,0.791,3.599,1.602,17,17.0,17.0,17.0,17.0,17.0,1.0,1.0,1.0,1.0,False,False
XCAL13Sept,0.81,0.001,0.18899999999999995,1.602,20.808,17,17.0,17.0,17.0,17.0,17.0,1.0,1.0,1.0,1.0,False,False
XCAL13Sept,0.618,0.0,0.382,20.808,3.401,17,17.0,17.0,17.0,17.0,211.0,1.0,1.0,1.0,1.0,True,True
XCAL13Sept,0.019,0.101,0.88,3.401,1.202,211,17.0,17.0,211.0,210.0,210.0,0.0,0.0,1.0,0.0,False,False
XCAL13Sept,0.221,0.001,0.778,1.202,19.604,210,17.0,211.0,210.0,210.0,211.0,0.0,0.0,1.0,1.0,False,False
XCAL13Sept,0.825,0.001,0.17400000000000004,19.604,16.143,211,210.0,210.0,211.0,211.0,0.0,0.0,0.0,1.0,1.0,True,True
XCAL13Sept,0.968,0.0,0.03200000000000003,16.143,15.605,0,211.0,211.0,211.0,0.0,10.0,0.0,0.0,0.0,1.0,True,True
XCAL13Sept,0.573,0.001,0.42600000000000005,15.605,2.81,10,0.0,0.0,10.0,10.0,0.0,0.0,0.0,1.0,1.0,True,True
XCAL13Sept,0.383,0.001,0.616,2.81,6.511,0,10.0,10.0,0.0,0.0,10.0,0.0,0.0,1.0,1.0,False,True
XCAL13Sept,0.894,0.088,0.017999999999999988,6.511,14.999,10,0.0,0.0,10.0,10.0,100.0,0.0,0.0,1.0,1.0,False,True
XCAL13Sept,0.893,0.001,0.10599999999999998,14.999,136.083,100,10.0,10.0,100.0,100.0,99.0,0.0,0.0,1.0,1.0,True,True
XCAL13Sept,0.976,0.001,0.02300000000000002,136.083,44.029,99,100.0,100.0,99.0,99.0,11.0,0.0,0.0,1.0,1.0,True,True
XCAL13Sept,0.005,0.094,0.901,44.029,26.243,11,99.0,99.0,11.0,11.0,469.0,0.0,0.0,1.0,1.0,True,True
XCAL13Sept,0.248,0.001,0.751,26.243,7.807,469,11.0,11.0,469.0,469.0,61.0,0.0,0.0,1.0,1.0,True,True
XCAL13Sept,0.055,0.001,0.944,7.807,3.518,61,469.0,469.0,61.0,61.0,61.0,0.0,0.0,1.0,1.0,False,True
XCAL13Sept,0.573,0.089,0.3380000000000001,3.518,34.027,61,61.0,61.0,61.0,61.0,155.0,1.0,1.0,1.0,1.0,False,True
XCAL13Sept,0.6,0.001,0.399,34.027,43.579,155,61.0,61.0,155.0,155.0,10.0,0.0,0.0,1.0,1.0,True,True
XCAL13Sept,0.179,0.001,0.82,43.579,33.201,10,155.0,155.0,10.0,10.0,153.0,0.0,0.0,1.0,1.0,True,True
XCAL13Sept,0.38,0.001,0.619,33.201,0.901,153,276.0,276.0,276.0,153.0,153.0,0.0,0.0,0.0,1.0,True,False
XCAL13Sept,0.281,0.0,0.719,0.901,9.508,153,276.0,276.0,153.0,153.0,199.0,0.0,0.0,1.0,1.0,False,False
XCAL13Sept,0.789,0.099,0.11199999999999996,9.508,5.7,199,153.0,153.0,153.0,199.0,153.0,0.0,0.0,0.0,1.0,True,True
XCAL13Sept,0.489,0.001,0.51,5.7,25.013,153,199.0,199.0,153.0,153.0,67.0,0.0,0.0,1.0,1.0,False,True
XCAL13Sept,0.502,0.09,0.40800000000000003,25.013,3.603,67,153.0,153.0,67.0,67.0,153.0,0.0,0.0,1.0,1.0,True,True
XCAL13Sept,0.105,0.0,0.895,3.603,15.006,153,67.0,67.0,67.0,153.0,67.0,0.0,0.0,0.0,1.0,False,True
XCAL13Sept,0.111,0.001,0.888,15.006,13.591,67,153.0,153.0,67.0,67.0,194.0,0.0,0.0,1.0,1.0,True,True
XCAL13Sept,0.702,0.001,0.29700000000000004,13.591,1.504,194,67.0,67.0,194.0,194.0,194.0,0.0,0.0,1.0,1.0,True,False
XCAL13Sept,0.206,0.0,0.794,1.504,1.7,194,194.0,194.0,194.0,194.0,193.0,1.0,1.0,1.0,1.0,False,False
XCAL13Sept,0.906,0.001,0.09299999999999997,1.7,4.0,193,194.0,194.0,194.0,193.0,194.0,0.0,0.0,0.0,1.0,False,False
XCAL13Sept,0.906,0.1,-0.006000000000000033,4.0,6.601,194,193.0,193.0,193.0,194.0,198.0,0.0,0.0,0.0,1.0,False,True
XCAL13Sept,0.507,0.0,0.493,6.601,0.906,198,194.0,194.0,194.0,67.0,67.0,0.0,0.0,0.0,0.0,False,False
XCAL13Sept,0.413,0.1,0.487,0.906,8.064,67,194.0,194.0,67.0,67.0,68.0,0.0,0.0,1.0,1.0,False,False
XCAL13Sept,0.477,0.001,0.522,8.064,11.638,68,67.0,67.0,68.0,68.0,2.0,0.0,0.0,1.0,1.0,True,True
XCAL13Sept,0.115,0.0,0.885,11.638,0.9,2,68.0,68.0,2.0,2.0,2.0,0.0,0.0,1.0,1.0,True,False
XCAL13Sept,0.015,0.001,0.984,0.9,1.0,2,68.0,2.0,2.0,1.0,1.0,0.0,1.0,1.0,0.0,False,False
XCAL13Sept,0.015,0.001,0.984,1.0,1.101,1,2.0,2.0,1.0,1.0,1.0,0.0,0.0,1.0,1.0,False,False
XCAL13Sept,0.116,0.101,0.783,1.101,3.42,1,2.0,1.0,1.0,1.0,1.0,0.0,1.0,1.0,1.0,False,False
XCAL13Sept,0.536,0.0,0.46399999999999997,3.42,2.701,1,1.0,1.0,1.0,1.0,1.0,1.0,1.0,1.0,1.0,False,True
XCAL13Sept,0.237,0.0,0.763,2.701,1.208,1,1.0,1.0,1.0,1.0,1.0,1.0,1.0,1.0,1.0,False,False
XCAL13Sept,0.445,0.0,0.5549999999999999,1.208,1.304,1,1.0,1.0,1.0,2.0,2.0,1.0,1.0,1.0,0.0,False,False
XCAL13Sept,0.749,0.103,0.14800000000000002,1.304,1.104,2,1.0,1.0,2.0,1.0,1.0,0.0,0.0,1.0,0.0,False,False
XCAL13Sept,0.853,0.0,0.14700000000000002,1.104,1.499,1,1.0,2.0,1.0,1.0,1.0,1.0,0.0,1.0,1.0,False,False
XCAL13Sept,0.352,0.0,0.648,1.499,10.133,1,1.0,1.0,1.0,1.0,2.0,1.0,1.0,1.0,1.0,False,False
XCAL13Sept,0.485,0.0,0.515,10.133,0.898,2,1.0,1.0,2.0,2.0,2.0,0.0,0.0,1.0,1.0,True,False
XCAL13Sept,0.383,0.001,0.616,0.898,1.101,2,1.0,2.0,2.0,2.0,2.0,0.0,1.0,1.0,1.0,False,False
XCAL13Sept,0.484,0.001,0.515,1.101,0.801,2,2.0,2.0,2.0,2.0,2.0,1.0,1.0,1.0,1.0,False,False
XCAL13Sept,0.285,0.001,0.7140000000000001,0.801,1.1,2,2.0,2.0,2.0,2.0,2.0,1.0,1.0,1.0,1.0,False,False
XCAL13Sept,0.385,0.001,0.614,1.1,0.8,2,2.0,2.0,2.0,2.0,2.0,1.0,1.0,1.0,1.0,False,False
XCAL13Sept,0.185,0.0,0.815,0.8,2.107,2,2.0,2.0,2.0,2.0,2.0,1.0,1.0,1.0,1.0,False,False
XCAL13Sept,0.292,0.1,0.608,2.107,1.002,2,2.0,2.0,2.0,2.0,2.0,1.0,1.0,1.0,1.0,False,False
XCAL13Sept,0.294,0.001,0.705,1.002,8.803,2,2.0,2.0,2.0,2.0,2.0,1.0,1.0,1.0,1.0,False,False
XCAL13Sept,0.097,0.001,0.902,8.803,0.799,2,2.0,2.0,2.0,2.0,2.0,1.0,1.0,1.0,1.0,True,False
XCAL13Sept,0.896,0.0,0.10399999999999998,0.799,1.401,2,2.0,2.0,2.0,2.0,2.0,1.0,1.0,1.0,1.0,False,False
XCAL13Sept,0.297,0.1,0.6030000000000001,1.401,0.91,2,2.0,2.0,2.0,2.0,2.0,1.0,1.0,1.0,1.0,False,False
XCAL13Sept,0.207,0.095,0.6980000000000001,0.91,1.196,2,2.0,2.0,2.0,2.0,2.0,1.0,1.0,1.0,1.0,False,False
XCAL13Sept,0.403,0.001,0.596,1.196,0.899,2,2.0,2.0,2.0,184.0,184.0,1.0,1.0,1.0,0.0,False,False
XCAL13Sept,0.302,0.001,0.697,0.899,83.699,184,2.0,2.0,184.0,184.0,155.0,0.0,0.0,1.0,1.0,False,False
XCAL13Sept,0.001,0.0,0.999,83.699,56.31,155,184.0,184.0,155.0,155.0,290.0,0.0,0.0,1.0,1.0,True,True
XCAL13Sept,0.311,0.097,0.5920000000000001,56.31,5.926,290,155.0,155.0,290.0,290.0,290.0,0.0,0.0,1.0,1.0,True,True
XCAL13Sept,0.237,0.001,0.762,5.926,5.446,290,290.0,290.0,290.0,290.0,283.0,1.0,1.0,1.0,1.0,False,True
XCAL13Sept,0.683,0.0,0.31699999999999995,5.446,30.32,283,290.0,290.0,283.0,283.0,22.0,0.0,0.0,1.0,1.0,False,True
XCAL13Sept,0.003,0.0,0.997,30.32,0.898,22,283.0,283.0,226.0,226.0,226.0,0.0,0.0,0.0,0.0,True,False
XCAL13Sept,0.901,0.001,0.09799999999999998,0.898,24.324,226,283.0,283.0,226.0,226.0,351.0,0.0,0.0,1.0,1.0,False,False
XCAL13Sept,0.225,0.001,0.774,24.324,17.625,351,226.0,226.0,351.0,351.0,351.0,0.0,0.0,1.0,1.0,True,True
XCAL13Sept,0.85,0.097,0.05300000000000002,17.625,3.397,351,351.0,351.0,351.0,351.0,19.0,1.0,1.0,1.0,1.0,True,True
XCAL13Sept,0.247,0.001,0.752,3.397,3.005,19,351.0,351.0,19.0,19.0,351.0,0.0,0.0,1.0,1.0,False,True
XCAL13Sept,0.252,0.0,0.748,3.005,14.403,351,19.0,19.0,351.0,351.0,352.0,0.0,0.0,1.0,1.0,False,True
XCAL13Sept,0.655,0.004,0.34099999999999997,14.403,47.668,352,351.0,351.0,352.0,352.0,458.0,0.0,0.0,1.0,1.0,True,True
XCAL13Sept,0.323,0.0,0.677,47.668,37.689,458,445.0,445.0,458.0,458.0,457.0,0.0,0.0,1.0,1.0,True,True
XCAL13Sept,0.012,0.0,0.988,37.689,11.775,457,458.0,458.0,457.0,457.0,360.0,0.0,0.0,1.0,1.0,True,True
XCAL13Sept,0.787,0.001,0.21199999999999997,11.775,22.644,360,457.0,457.0,360.0,360.0,362.0,0.0,0.0,1.0,1.0,True,True
XCAL13Sept,0.431,0.001,0.568,22.644,83.174,362,360.0,360.0,362.0,362.0,468.0,0.0,0.0,1.0,1.0,True,True
XCAL13Sept,0.605,0.099,0.29600000000000004,83.174,1.1,468,362.0,362.0,468.0,362.0,362.0,0.0,0.0,1.0,0.0,True,False
XCAL13Sept,0.705,0.001,0.29400000000000004,1.1,0.8,362,362.0,468.0,362.0,468.0,468.0,1.0,0.0,1.0,0.0,False,False
XCAL13Sept,0.505,0.001,0.494,0.8,16.942,468,468.0,362.0,468.0,468.0,470.0,1.0,0.0,1.0,1.0,False,False
XCAL13Sept,0.447,0.0,0.5529999999999999,16.942,1.002,470,468.0,468.0,470.0,468.0,468.0,0.0,0.0,1.0,0.0,True,False
XCAL13Sept,0.449,0.0,0.5509999999999999,1.002,3.274,468,468.0,470.0,468.0,468.0,469.0,1.0,0.0,1.0,1.0,False,False
XCAL13Sept,0.723,0.001,0.276,3.274,3.054,469,468.0,468.0,469.0,469.0,91.0,0.0,0.0,1.0,1.0,False,True
XCAL13Sept,0.777,0.001,0.22199999999999998,3.054,2.205,91,469.0,469.0,91.0,91.0,159.0,0.0,0.0,1.0,1.0,False,True
XCAL13Sept,0.982,0.0,0.018000000000000016,2.205,2.995,159,91.0,91.0,159.0,159.0,469.0,0.0,0.0,1.0,1.0,False,True
XCAL13Sept,0.977,0.001,0.02200000000000002,2.995,2.502,469,159.0,159.0,469.0,469.0,435.0,0.0,0.0,1.0,1.0,False,True
XCAL13Sept,0.479,0.001,0.52,2.502,7.516,435,469.0,469.0,435.0,435.0,303.0,0.0,0.0,1.0,1.0,False,True
XCAL13Sept,0.995,0.0,0.0050000000000000044,7.516,6.349,303,435.0,435.0,435.0,303.0,161.0,0.0,0.0,0.0,1.0,False,True
XCAL13Sept,0.344,0.001,0.655,6.349,3.412,161,303.0,303.0,161.0,161.0,303.0,0.0,0.0,1.0,1.0,False,True
XCAL13Sept,0.756,0.001,0.243,3.412,11.075,303,161.0,161.0,303.0,303.0,499.0,0.0,0.0,1.0,1.0,False,True
XCAL13Sept,0.831,0.0,0.16900000000000004,11.075,20.965,499,303.0,303.0,499.0,499.0,376.0,0.0,0.0,1.0,1.0,True,True
XCAL13Sept,0.796,0.001,0.20299999999999996,20.965,11.753,376,499.0,499.0,376.0,376.0,377.0,0.0,0.0,1.0,1.0,True,True
XCAL13Sept,0.549,0.001,0.44999999999999996,11.753,66.208,377,376.0,376.0,377.0,377.0,372.0,0.0,0.0,1.0,1.0,True,True
XCAL13Sept,0.757,0.001,0.242,66.208,9000000000.0,372,377.0,377.0,372.0,372.0,,0.0,0.0,1.0,1.0,True,True
XCAL15Sept,0.012,0.097,0.891,9000000000.0,9.504,49,,300.0,49.0,49.0,380.0,,0.0,1.0,1.0,True,True
XCAL15Sept,0.516,0.097,0.387,9.504,0.698,380,49.0,49.0,380.0,49.0,49.0,0.0,0.0,1.0,0.0,True,False
XCAL15Sept,0.214,0.001,0.785,0.698,13.373,49,49.0,380.0,49.0,49.0,378.0,1.0,0.0,1.0,1.0,False,False
XCAL15Sept,0.587,0.001,0.41200000000000003,13.373,1.505,378,380.0,380.0,378.0,378.0,378.0,0.0,0.0,1.0,1.0,True,False
XCAL15Sept,0.092,0.097,0.811,1.505,12.71,378,378.0,378.0,378.0,378.0,49.0,1.0,1.0,1.0,1.0,False,False
XCAL15Sept,0.802,0.097,0.10099999999999995,12.71,6.001,49,378.0,378.0,378.0,49.0,89.0,0.0,0.0,0.0,1.0,True,True
XCAL15Sept,0.803,0.0,0.19699999999999995,6.001,29.375,89,49.0,49.0,89.0,89.0,56.0,0.0,0.0,1.0,1.0,False,True
XCAL15Sept,0.178,0.1,0.7220000000000001,29.375,1.901,56,89.0,89.0,56.0,56.0,89.0,0.0,0.0,1.0,1.0,True,False
XCAL15Sept,0.079,0.0,0.921,1.901,1.275,89,56.0,56.0,89.0,56.0,56.0,0.0,0.0,1.0,0.0,False,False
XCAL15Sept,0.354,0.102,0.544,1.275,6.829,56,56.0,89.0,56.0,56.0,88.0,1.0,0.0,1.0,1.0,False,False
XCAL15Sept,0.183,0.001,0.816,6.829,0.606,88,56.0,56.0,56.0,56.0,56.0,0.0,0.0,0.0,0.0,False,False
XCAL15Sept,0.789,0.099,0.11199999999999996,0.606,1.701,56,56.0,56.0,56.0,56.0,51.0,1.0,1.0,1.0,1.0,False,False
XCAL15Sept,0.49,0.0,0.51,1.701,3.804,51,56.0,56.0,56.0,51.0,54.0,0.0,0.0,0.0,1.0,False,False
XCAL15Sept,0.294,0.001,0.705,3.804,53.109,54,51.0,51.0,51.0,54.0,54.0,0.0,0.0,0.0,1.0,False,True
XCAL15Sept,0.403,0.0,0.597,53.109,3.602,54,54.0,54.0,54.0,54.0,37.0,1.0,1.0,1.0,1.0,True,True
XCAL15Sept,0.005,0.0,0.995,3.602,1.916,37,54.0,54.0,37.0,37.0,37.0,0.0,0.0,1.0,1.0,False,False
XCAL15Sept,0.921,0.001,0.07799999999999996,1.916,19.703,37,54.0,37.0,37.0,37.0,54.0,0.0,1.0,1.0,1.0,False,False
XCAL15Sept,0.624,0.1,0.276,19.703,0.901,54,37.0,37.0,54.0,37.0,37.0,0.0,0.0,1.0,0.0,True,False
XCAL15Sept,0.525,0.1,0.375,0.901,15.404,37,37.0,54.0,37.0,37.0,39.0,1.0,0.0,1.0,1.0,False,False
XCAL15Sept,0.929,0.001,0.06999999999999995,15.404,2.401,39,37.0,37.0,37.0,39.0,386.0,0.0,0.0,0.0,1.0,True,True
XCAL15Sept,0.33,0.001,0.6689999999999999,2.401,2.412,386,39.0,39.0,386.0,386.0,321.0,0.0,0.0,1.0,1.0,False,True
XCAL15Sept,0.742,0.001,0.257,2.412,0.703,321,386.0,386.0,321.0,386.0,386.0,0.0,0.0,1.0,0.0,False,False
XCAL15Sept,0.445,0.0,0.5549999999999999,0.703,1.9,386,386.0,321.0,386.0,386.0,321.0,1.0,0.0,1.0,1.0,False,False
XCAL15Sept,0.345,0.0,0.655,1.9,0.502,321,386.0,386.0,365.0,386.0,365.0,0.0,0.0,0.0,0.0,False,False
XCAL15Sept,0.847,0.001,0.15200000000000002,0.502,0.801,365,386.0,386.0,365.0,386.0,386.0,0.0,0.0,1.0,0.0,False,False
XCAL15Sept,0.648,0.001,0.351,0.801,16.506,386,386.0,365.0,386.0,386.0,39.0,1.0,0.0,1.0,1.0,False,False
XCAL15Sept,0.154,0.1,0.746,16.506,2.824,39,386.0,386.0,39.0,39.0,88.0,0.0,0.0,1.0,1.0,True,True
XCAL15Sept,0.978,0.0,0.02200000000000002,2.824,4.186,88,39.0,39.0,39.0,88.0,39.0,0.0,0.0,0.0,1.0,False,True
XCAL15Sept,0.164,0.001,0.835,4.186,1.908,39,88.0,88.0,39.0,39.0,39.0,0.0,0.0,1.0,1.0,False,False
XCAL15Sept,0.072,0.099,0.8290000000000001,1.908,8.31,39,39.0,39.0,39.0,39.0,386.0,1.0,1.0,1.0,1.0,False,False
XCAL15Sept,0.382,0.102,0.516,8.31,1.403,386,39.0,39.0,386.0,189.0,189.0,0.0,0.0,1.0,0.0,True,False
XCAL15Sept,0.785,0.001,0.21399999999999997,1.403,1.014,189,39.0,386.0,189.0,386.0,386.0,0.0,0.0,1.0,0.0,False,False
XCAL15Sept,0.799,0.0,0.20099999999999996,1.014,11.928,386,386.0,189.0,386.0,386.0,189.0,1.0,0.0,1.0,1.0,False,False
XCAL15Sept,0.727,0.001,0.272,11.928,8.731,189,386.0,386.0,189.0,189.0,19.0,0.0,0.0,1.0,1.0,True,True
XCAL15Sept,0.458,0.1,0.44200000000000006,8.731,2.584,19,189.0,189.0,19.0,19.0,39.0,0.0,0.0,1.0,1.0,True,True
XCAL15Sept,0.042,0.0,0.958,2.584,8.803,39,19.0,19.0,19.0,39.0,189.0,0.0,0.0,0.0,1.0,False,True
XCAL15Sept,0.845,0.001,0.15400000000000003,8.803,1.609,189,39.0,39.0,189.0,189.0,171.0,0.0,0.0,1.0,1.0,True,False
XCAL15Sept,0.454,0.001,0.545,1.609,34.964,171,189.0,189.0,171.0,171.0,90.0,0.0,0.0,1.0,1.0,False,False
XCAL15Sept,0.418,0.0,0.5820000000000001,34.964,2.606,90,171.0,171.0,90.0,90.0,171.0,0.0,0.0,1.0,1.0,True,True
XCAL15Sept,0.024,0.099,0.877,2.606,6.749,171,90.0,90.0,171.0,171.0,90.0,0.0,0.0,1.0,1.0,False,True
XCAL15Sept,0.773,0.001,0.22599999999999998,6.749,3.385,90,171.0,171.0,90.0,90.0,171.0,0.0,0.0,1.0,1.0,False,True
XCAL15Sept,0.158,0.1,0.742,3.385,3.984,171,90.0,90.0,171.0,171.0,0.0,0.0,0.0,1.0,1.0,False,True
XCAL15Sept,0.142,0.001,0.857,3.984,0.904,0,171.0,171.0,0.0,171.0,171.0,0.0,0.0,1.0,0.0,False,False
XCAL15Sept,0.046,0.001,0.953,0.904,8.803,171,171.0,0.0,171.0,171.0,106.0,1.0,0.0,1.0,1.0,False,False
XCAL15Sept,0.849,0.0,0.15100000000000002,8.803,146.757,106,171.0,171.0,106.0,106.0,0.0,0.0,0.0,1.0,1.0,True,True
XCAL15Sept,0.606,0.0,0.394,146.757,0.505,0,0.0,0.0,0.0,90.0,90.0,1.0,1.0,1.0,0.0,True,False
XCAL15Sept,0.111,0.001,0.888,0.505,1.509,90,0.0,0.0,90.0,0.0,0.0,0.0,0.0,1.0,0.0,False,False
XCAL15Sept,0.62,0.098,0.28200000000000003,1.509,1.902,0,0.0,90.0,0.0,0.0,107.0,1.0,0.0,1.0,1.0,False,False
XCAL15Sept,0.522,0.001,0.477,1.902,32.884,107,0.0,0.0,0.0,107.0,107.0,0.0,0.0,0.0,1.0,False,False
XCAL15Sept,0.406,0.0,0.594,32.884,9.606,107,107.0,107.0,107.0,107.0,110.0,1.0,1.0,1.0,1.0,True,True
XCAL15Sept,0.012,0.0,0.988,9.606,51.626,110,107.0,107.0,110.0,110.0,124.0,0.0,0.0,1.0,1.0,True,True
XCAL15Sept,0.638,0.0,0.362,51.626,1.596,124,110.0,110.0,124.0,124.0,107.0,0.0,0.0,1.0,1.0,True,False
XCAL15Sept,0.234,0.001,0.765,1.596,14.507,107,124.0,124.0,107.0,107.0,124.0,0.0,0.0,1.0,1.0,False,False
XCAL15Sept,0.741,0.0,0.259,14.507,9.899,124,107.0,107.0,124.0,124.0,146.0,0.0,0.0,1.0,1.0,True,True
XCAL15Sept,0.64,0.001,0.359,9.899,1.201,146,124.0,124.0,146.0,110.0,110.0,0.0,0.0,1.0,0.0,True,False
XCAL15Sept,0.841,0.001,0.15800000000000003,1.201,10.393,110,124.0,146.0,110.0,110.0,124.0,0.0,0.0,1.0,1.0,False,False
XCAL15Sept,0.234,0.001,0.765,10.393,24.319,124,124.0,124.0,124.0,124.0,125.0,1.0,1.0,1.0,1.0,True,True
XCAL15Sept,0.553,0.001,0.44599999999999995,24.319,76.206,125,124.0,124.0,125.0,125.0,123.0,0.0,0.0,1.0,1.0,True,True
XCAL15Sept,0.759,0.087,0.154,76.206,17.898,123,125.0,125.0,123.0,123.0,123.0,0.0,0.0,1.0,1.0,True,True
XCAL15Sept,0.657,0.091,0.252,17.898,13.901,123,123.0,123.0,123.0,123.0,134.0,1.0,1.0,1.0,1.0,True,True
XCAL15Sept,0.558,0.001,0.44099999999999995,13.901,4.018,134,123.0,123.0,134.0,134.0,400.0,0.0,0.0,1.0,1.0,True,True
XCAL15Sept,0.576,0.0,0.42400000000000004,4.018,7.202,400,400.0,400.0,400.0,400.0,123.0,1.0,1.0,1.0,1.0,False,True
XCAL15Sept,0.778,0.0,0.22199999999999998,7.202,25.61,123,400.0,400.0,123.0,123.0,50.0,0.0,0.0,1.0,1.0,False,True
XCAL15Sept,0.388,0.001,0.611,25.61,2.994,50,123.0,123.0,50.0,50.0,123.0,0.0,0.0,1.0,1.0,True,True
XCAL15Sept,0.382,0.001,0.617,2.994,8.424,123,50.0,50.0,123.0,123.0,50.0,0.0,0.0,1.0,1.0,False,True
XCAL15Sept,0.806,0.001,0.19299999999999995,8.424,0.596,50,123.0,123.0,50.0,123.0,123.0,0.0,0.0,1.0,0.0,True,False
XCAL15Sept,0.402,0.001,0.597,0.596,1.302,123,123.0,50.0,123.0,50.0,50.0,1.0,0.0,1.0,0.0,False,False
XCAL15Sept,0.704,0.001,0.29500000000000004,1.302,6.36,50,50.0,123.0,50.0,50.0,123.0,1.0,0.0,1.0,1.0,False,False
XCAL15Sept,0.064,0.1,0.836,6.36,17.512,123,50.0,50.0,123.0,123.0,50.0,0.0,0.0,1.0,1.0,False,True
XCAL15Sept,0.576,0.1,0.32400000000000007,17.512,2.1,50,123.0,123.0,50.0,50.0,123.0,0.0,0.0,1.0,1.0,True,True
XCAL15Sept,0.676,0.1,0.22399999999999995,2.1,3.004,123,50.0,50.0,123.0,123.0,50.0,0.0,0.0,1.0,1.0,False,True
XCAL15Sept,0.68,0.0,0.31999999999999995,3.004,6.349,50,123.0,123.0,50.0,50.0,134.0,0.0,0.0,1.0,1.0,False,True
XCAL15Sept,0.029,0.0,0.971,6.349,16.704,134,50.0,50.0,134.0,134.0,123.0,0.0,0.0,1.0,1.0,False,True
XCAL15Sept,0.733,0.001,0.266,16.704,4.699,123,134.0,134.0,123.0,123.0,134.0,0.0,0.0,1.0,1.0,True,True
XCAL15Sept,0.432,0.001,0.5670000000000001,4.699,1.801,134,123.0,123.0,134.0,134.0,123.0,0.0,0.0,1.0,1.0,False,False
XCAL15Sept,0.233,0.001,0.766,1.801,3.303,123,134.0,134.0,123.0,123.0,123.0,0.0,0.0,1.0,1.0,False,False
XCAL15Sept,0.536,0.0,0.46399999999999997,3.303,1.307,123,123.0,123.0,123.0,134.0,134.0,1.0,1.0,1.0,0.0,False,False
XCAL15Sept,0.843,0.099,0.058000000000000024,1.307,4.803,134,123.0,123.0,134.0,134.0,134.0,0.0,0.0,1.0,1.0,False,False
XCAL15Sept,0.646,0.0,0.354,4.803,11.208,134,134.0,134.0,134.0,134.0,134.0,1.0,1.0,1.0,1.0,False,True
XCAL15Sept,0.854,0.001,0.14500000000000002,11.208,7.774,134,134.0,134.0,134.0,134.0,50.0,1.0,1.0,1.0,1.0,True,True
XCAL15Sept,0.628,0.001,0.371,7.774,30.558,50,50.0,50.0,50.0,50.0,400.0,1.0,1.0,1.0,1.0,False,True
XCAL15Sept,0.186,0.001,0.8130000000000001,30.558,2.802,400,50.0,50.0,400.0,400.0,50.0,0.0,0.0,1.0,1.0,True,True
XCAL15Sept,0.988,0.001,0.01100000000000001,2.802,5.5,50,400.0,400.0,50.0,50.0,400.0,0.0,0.0,1.0,1.0,False,True
XCAL15Sept,0.488,0.0,0.512,5.5,52.075,400,50.0,50.0,400.0,400.0,400.0,0.0,0.0,1.0,1.0,False,True
XCAL15Sept,0.563,0.0,0.43700000000000006,52.075,1.426,400,400.0,400.0,400.0,400.0,401.0,1.0,1.0,1.0,1.0,True,False
XCAL15Sept,0.989,0.084,-0.073,1.426,60.805,401,400.0,400.0,400.0,401.0,242.0,0.0,0.0,0.0,1.0,False,False
XCAL15Sept,0.794,0.001,0.20499999999999996,60.805,5.8,242,401.0,401.0,242.0,242.0,242.0,0.0,0.0,1.0,1.0,True,True
XCAL15Sept,0.594,0.0,0.406,5.8,40.356,242,242.0,242.0,242.0,242.0,240.0,1.0,1.0,1.0,1.0,False,True
XCAL15Sept,0.95,0.001,0.049000000000000044,40.356,1.883,240,242.0,242.0,242.0,240.0,242.0,0.0,0.0,0.0,1.0,True,False
XCAL15Sept,0.833,0.001,0.16600000000000004,1.883,1.186,242,242.0,240.0,240.0,242.0,240.0,1.0,0.0,0.0,1.0,False,False
XCAL15Sept,0.019,0.0,0.981,1.186,62.691,240,240.0,242.0,242.0,240.0,67.0,1.0,0.0,0.0,1.0,False,False
XCAL15Sept,0.71,0.097,0.19300000000000003,62.691,2.402,67,240.0,240.0,240.0,67.0,178.0,0.0,0.0,0.0,1.0,True,True
XCAL15Sept,0.112,0.0,0.888,2.402,1.919,178,67.0,67.0,178.0,178.0,178.0,0.0,0.0,1.0,1.0,False,False
XCAL15Sept,0.031,0.001,0.968,1.919,68.828,178,178.0,178.0,178.0,178.0,16.0,1.0,1.0,1.0,1.0,False,False
XCAL15Sept,0.859,0.001,0.14,68.828,16.548,16,177.0,177.0,16.0,16.0,17.0,0.0,0.0,1.0,1.0,True,True
XCAL15Sept,0.407,0.001,0.592,16.548,20.399,17,16.0,16.0,17.0,17.0,0.0,0.0,0.0,1.0,1.0,True,True
XCAL15Sept,0.806,0.0,0.19399999999999995,20.399,0.502,0,17.0,17.0,0.0,17.0,17.0,0.0,0.0,1.0,0.0,True,False
XCAL15Sept,0.308,0.001,0.691,0.502,2.714,17,17.0,0.0,17.0,17.0,67.0,1.0,0.0,1.0,1.0,False,False
XCAL15Sept,0.022,0.001,0.977,2.714,0.499,67,17.0,17.0,0.0,0.0,0.0,0.0,0.0,0.0,0.0,False,False
XCAL15Sept,0.521,0.001,0.478,0.499,26.908,0,17.0,17.0,0.0,0.0,67.0,0.0,0.0,1.0,1.0,False,False
XCAL15Sept,0.429,0.001,0.57,26.908,17.851,67,0.0,0.0,67.0,67.0,66.0,0.0,0.0,1.0,1.0,True,True
XCAL15Sept,0.28,0.085,0.635,17.851,1.587,66,67.0,67.0,67.0,66.0,66.0,0.0,0.0,0.0,1.0,True,False
XCAL15Sept,0.867,0.001,0.132,1.587,1.899,66,67.0,67.0,66.0,66.0,46.0,0.0,0.0,1.0,1.0,False,False
XCAL15Sept,0.766,0.0,0.23399999999999999,1.899,0.601,46,66.0,66.0,66.0,46.0,66.0,0.0,0.0,0.0,1.0,False,False
XCAL15Sept,0.367,0.001,0.632,0.601,16.307,66,66.0,66.0,46.0,66.0,46.0,1.0,1.0,0.0,1.0,False,False
XCAL15Sept,0.674,0.0,0.32599999999999996,16.307,13.813,46,66.0,66.0,66.0,46.0,66.0,0.0,0.0,0.0,1.0,True,True
XCAL15Sept,0.487,0.001,0.512,13.813,0.794,66,46.0,46.0,46.0,66.0,46.0,0.0,0.0,0.0,1.0,True,False
XCAL15Sept,0.281,0.001,0.718,0.794,0.704,46,46.0,46.0,66.0,66.0,66.0,1.0,1.0,0.0,0.0,False,False
XCAL15Sept,0.985,0.001,0.014000000000000012,0.704,1.497,66,46.0,46.0,66.0,66.0,46.0,0.0,0.0,1.0,1.0,False,False
XCAL15Sept,0.482,0.001,0.517,1.497,1.206,46,66.0,66.0,66.0,46.0,66.0,0.0,0.0,0.0,1.0,False,False
XCAL15Sept,0.688,0.001,0.31100000000000005,1.206,0.702,66,66.0,66.0,46.0,66.0,45.0,1.0,1.0,0.0,1.0,False,False
XCAL15Sept,0.39,0.1,0.51,0.702,0.613,45,66.0,46.0,66.0,46.0,46.0,0.0,0.0,0.0,0.0,False,False
XCAL15Sept,0.003,0.001,0.996,0.613,1.089,46,46.0,66.0,46.0,45.0,45.0,1.0,0.0,1.0,0.0,False,False
XCAL15Sept,0.092,0.0,0.908,1.089,3.8,45,66.0,46.0,45.0,45.0,66.0,0.0,0.0,1.0,1.0,False,False
XCAL15Sept,0.892,0.0,0.10799999999999998,3.8,28.304,66,45.0,45.0,45.0,66.0,330.0,0.0,0.0,0.0,1.0,False,True
XCAL15Sept,0.196,0.001,0.803,28.304,2.402,330,66.0,66.0,66.0,330.0,66.0,0.0,0.0,0.0,1.0,True,True
XCAL15Sept,0.598,0.001,0.401,2.402,8.903,66,66.0,330.0,330.0,66.0,330.0,1.0,0.0,0.0,1.0,False,True
XCAL15Sept,0.501,0.1,0.399,8.903,2.502,330,66.0,66.0,66.0,330.0,66.0,0.0,0.0,0.0,1.0,True,True
XCAL15Sept,0.003,0.001,0.996,2.502,0.699,66,330.0,330.0,66.0,330.0,330.0,0.0,0.0,1.0,0.0,False,False
XCAL15Sept,0.702,0.001,0.29700000000000004,0.699,16.811,330,330.0,330.0,66.0,330.0,390.0,1.0,1.0,0.0,1.0,False,False
XCAL15Sept,0.513,0.0,0.487,16.811,32.027,390,330.0,330.0,330.0,390.0,390.0,0.0,0.0,0.0,1.0,True,True
XCAL15Sept,0.54,0.0,0.45999999999999996,32.027,62.456,390,390.0,390.0,390.0,390.0,23.0,1.0,1.0,1.0,1.0,True,True
XCAL15Sept,0.996,0.0,0.0040000000000000036,62.456,24.516,23,390.0,22.0,23.0,23.0,43.0,0.0,0.0,1.0,1.0,True,True
XCAL15Sept,0.512,0.0,0.488,24.516,29.261,43,23.0,23.0,43.0,43.0,25.0,0.0,0.0,1.0,1.0,True,True
XCAL15Sept,0.773,0.001,0.22599999999999998,29.261,0.501,25,43.0,43.0,25.0,43.0,43.0,0.0,0.0,1.0,0.0,True,False
XCAL15Sept,0.274,0.0,0.726,0.501,6.901,43,43.0,25.0,43.0,43.0,25.0,1.0,0.0,1.0,1.0,False,False
XCAL15Sept,0.175,0.001,0.824,6.901,2.906,25,43.0,43.0,25.0,25.0,43.0,0.0,0.0,1.0,1.0,False,True
XCAL15Sept,0.081,0.001,0.918,2.906,3.105,43,25.0,25.0,43.0,43.0,25.0,0.0,0.0,1.0,1.0,False,True
XCAL15Sept,0.186,0.0,0.8140000000000001,3.105,1.906,25,43.0,43.0,25.0,25.0,43.0,0.0,0.0,1.0,1.0,False,False
XCAL15Sept,0.092,0.1,0.808,1.906,0.502,43,25.0,25.0,335.0,335.0,335.0,0.0,0.0,0.0,0.0,False,False
XCAL15Sept,0.594,0.001,0.405,0.502,1.699,335,25.0,25.0,335.0,335.0,335.0,0.0,0.0,1.0,1.0,False,False
XCAL15Sept,0.293,0.003,0.7040000000000001,1.699,65.489,335,335.0,335.0,335.0,335.0,474.0,1.0,1.0,1.0,1.0,False,False
XCAL15Sept,0.782,0.103,0.11499999999999998,65.489,20.862,474,335.0,335.0,474.0,474.0,435.0,0.0,0.0,1.0,1.0,True,True
XCAL15Sept,0.644,0.001,0.355,20.862,4.312,435,474.0,474.0,435.0,435.0,474.0,0.0,0.0,1.0,1.0,True,True
XCAL15Sept,0.956,0.002,0.04200000000000004,4.312,3.812,474,435.0,435.0,435.0,474.0,435.0,0.0,0.0,0.0,1.0,False,True
XCAL15Sept,0.768,0.0,0.23199999999999998,3.812,1.398,435,474.0,474.0,435.0,435.0,435.0,0.0,0.0,1.0,1.0,False,False
XCAL15Sept,0.166,0.0,0.834,1.398,0.602,435,435.0,435.0,476.0,476.0,476.0,1.0,1.0,0.0,0.0,False,False
XCAL15Sept,0.768,0.0,0.23199999999999998,0.602,13.207,476,435.0,435.0,476.0,476.0,474.0,0.0,0.0,1.0,1.0,False,False
XCAL15Sept,0.975,0.096,-0.07099999999999998,13.207,1.797,474,476.0,476.0,476.0,474.0,435.0,0.0,0.0,0.0,1.0,True,False
XCAL15Sept,0.772,0.0,0.22799999999999998,1.797,29.902,435,476.0,474.0,435.0,435.0,474.0,0.0,0.0,1.0,1.0,False,False
XCAL15Sept,0.674,0.101,0.22499999999999995,29.902,5.501,474,435.0,435.0,474.0,474.0,435.0,0.0,0.0,1.0,1.0,True,True
XCAL15Sept,0.175,0.001,0.824,5.501,1.602,435,474.0,474.0,435.0,474.0,474.0,0.0,0.0,1.0,0.0,False,False
XCAL15Sept,0.777,0.0,0.22299999999999998,1.602,25.902,474,474.0,435.0,474.0,474.0,474.0,1.0,0.0,1.0,1.0,False,False
XCAL15Sept,0.679,0.0,0.32099999999999995,25.902,4.802,474,474.0,474.0,474.0,474.0,476.0,1.0,1.0,1.0,1.0,True,True
XCAL15Sept,0.481,0.0,0.519,4.802,20.275,476,474.0,474.0,476.0,476.0,476.0,0.0,0.0,1.0,1.0,False,True
XCAL15Sept,0.756,0.0,0.244,20.275,19.403,476,476.0,476.0,476.0,476.0,476.0,1.0,1.0,1.0,1.0,True,True
XCAL15Sept,0.159,0.0,0.841,19.403,5.299,476,476.0,476.0,476.0,476.0,476.0,1.0,1.0,1.0,1.0,True,True
XCAL15Sept,0.458,0.0,0.542,5.299,13.803,476,476.0,476.0,476.0,476.0,476.0,1.0,1.0,1.0,1.0,False,True
XCAL15Sept,0.261,0.001,0.738,13.803,387.304,476,476.0,476.0,476.0,476.0,290.0,1.0,1.0,1.0,1.0,True,True
XCAL15Sept,0.565,0.001,0.43400000000000005,387.304,28.174,290,476.0,476.0,290.0,290.0,56.0,0.0,0.0,1.0,1.0,True,True
XCAL15Sept,0.739,0.001,0.26,28.174,1.796,56,290.0,290.0,56.0,56.0,411.0,0.0,0.0,1.0,1.0,True,False
XCAL15Sept,0.535,0.001,0.46399999999999997,1.796,13.303,411,56.0,56.0,56.0,411.0,290.0,0.0,0.0,0.0,1.0,False,False
XCAL15Sept,0.838,0.001,0.16100000000000003,13.303,0.802,290,411.0,411.0,290.0,241.0,241.0,0.0,0.0,1.0,0.0,True,False
XCAL15Sept,0.64,0.0,0.36,0.802,7.602,241,411.0,290.0,241.0,241.0,184.0,0.0,0.0,1.0,1.0,False,False
XCAL15Sept,0.242,0.001,0.757,7.602,4.205,184,241.0,241.0,241.0,184.0,184.0,0.0,0.0,0.0,1.0,False,True
XCAL15Sept,0.447,0.001,0.5519999999999999,4.205,5.029,184,184.0,184.0,184.0,184.0,184.0,1.0,1.0,1.0,1.0,False,True
XCAL15Sept,0.476,0.081,0.443,5.029,70.691,184,184.0,184.0,184.0,184.0,185.0,1.0,1.0,1.0,1.0,False,True
XCAL15Sept,0.167,0.001,0.832,70.691,29.42,185,184.0,184.0,185.0,185.0,172.0,0.0,0.0,1.0,1.0,True,True
XCAL15Sept,0.587,0.0,0.41300000000000003,29.42,34.315,172,185.0,185.0,172.0,172.0,171.0,0.0,0.0,1.0,1.0,True,True
XCAL15Sept,0.902,0.001,0.09699999999999998,34.315,1.201,171,172.0,172.0,171.0,171.0,171.0,0.0,0.0,1.0,1.0,True,False
XCAL15Sept,0.103,0.001,0.896,1.201,2.407,171,171.0,171.0,171.0,171.0,72.0,1.0,1.0,1.0,1.0,False,False
XCAL15Sept,0.51,0.093,0.397,2.407,18.198,72,171.0,171.0,72.0,72.0,73.0,0.0,0.0,1.0,1.0,False,True
XCAL15Sept,0.708,0.001,0.29100000000000004,18.198,20.438,73,72.0,72.0,73.0,73.0,270.0,0.0,0.0,1.0,1.0,True,True
XCAL15Sept,0.146,0.001,0.853,20.438,0.702,270,73.0,73.0,73.0,73.0,73.0,0.0,0.0,0.0,0.0,True,False
XCAL15Sept,0.848,0.001,0.15100000000000002,0.702,7.006,73,73.0,73.0,73.0,73.0,272.0,1.0,1.0,1.0,1.0,False,False
XCAL15Sept,0.854,0.001,0.14500000000000002,7.006,1.798,272,73.0,73.0,272.0,272.0,73.0,0.0,0.0,1.0,1.0,False,False
XCAL15Sept,0.652,0.001,0.347,1.798,7.222,73,272.0,272.0,73.0,73.0,193.0,0.0,0.0,1.0,1.0,False,False
XCAL15Sept,0.874,0.001,0.125,7.222,2.101,193,73.0,73.0,73.0,193.0,292.0,0.0,0.0,0.0,1.0,False,True
XCAL15Sept,0.975,0.001,0.02400000000000002,2.101,2.726,292,73.0,193.0,193.0,292.0,292.0,0.0,0.0,0.0,1.0,False,True
XCAL15Sept,0.701,0.093,0.20600000000000004,2.726,9.81,292,292.0,292.0,292.0,292.0,291.0,1.0,1.0,1.0,1.0,False,True
XCAL15Sept,0.511,0.003,0.486,9.81,4.885,291,292.0,292.0,291.0,291.0,24.0,0.0,0.0,1.0,1.0,True,True
XCAL15Sept,0.396,0.001,0.603,4.885,5.208,24,291.0,291.0,24.0,24.0,291.0,0.0,0.0,1.0,1.0,False,True
XCAL15Sept,0.604,0.001,0.395,5.208,0.9,291,24.0,24.0,291.0,24.0,24.0,0.0,0.0,1.0,0.0,False,False
XCAL15Sept,0.504,0.0,0.496,0.9,17.707,24,24.0,291.0,24.0,24.0,26.0,1.0,0.0,1.0,1.0,False,False
XCAL15Sept,0.211,0.0,0.789,17.707,6.304,26,24.0,24.0,26.0,26.0,169.0,0.0,0.0,1.0,1.0,True,True
XCAL15Sept,0.515,0.0,0.485,6.304,0.801,169,26.0,26.0,169.0,26.0,26.0,0.0,0.0,1.0,0.0,False,False
XCAL15Sept,0.316,0.102,0.582,0.801,9000000000.0,26,26.0,169.0,26.0,26.0,,1.0,0.0,1.0,1.0,False,False
