cap,lat,lon,pp
1,23.89434,90.40093,0
1,23.89257,90.40204,1
1,23.8925,90.40204,0
1,23.89216,90.40202,1
1,23.89216,90.40202,0
1,23.89193,90.40198,0
1,23.89147,90.40186,0
1,23.89076,90.40165,0
1,23.88947,90.40129,0
1,23.88927,90.40124,0
1,23.88917,90.40121,0
1,23.88829,90.40094,0
1,23.88778,90.4008,0
1,23.88768,90.40076,0
1,23.8858,90.40029,0
1,23.88533,90.40031,0
1,23.8835,90.4005,0
1,23.88286,90.40062,0
1,23.8826,90.40068,0
1,23.88216,90.40078,1
1,23.88211,90.40079,0
1,23.88184,90.40085,1
1,23.88155,90.40095,0
1,23.87566,90.40076,0
1,23.87554,90.40074,0
1,23.87463,90.40065,0
1,23.87313,90.40061,0
1,23.87303,90.40061,0
1,23.87223,90.40061,0
1,23.86366,90.40007,0
1,23.8632,90.40003,0
1,23.86307,90.40002,1
1,23.86283,90.40001,0
1,23.86106,90.40024,0
1,23.86076,90.40033,0
1,23.86038,90.4005,1
1,23.86004,90.40074,0
1,23.85903,90.4016,0
1,23.85713,90.40331,1
1,23.85704,90.40338,0
1,23.85652,90.40373,0
1,23.85472,90.40515,0
1,23.85154,90.40783,0
1,23.85127,90.40809,0
1,23.85091,90.40832,0
1,23.85022,90.40885,0
1,23.84966,90.40932,1
1,23.8495,90.40944,1
1,23.84913,90.40975,0
1,23.84872,90.41013,0
1,23.84794,90.41079,0
1,23.84683,90.41171,0
1,23.84509,90.41322,1
1,23.845,90.41331,1
1,23.84413,90.41407,1
1,23.84377,90.41436,1
1,23.84315,90.41485,0
1,23.84293,90.41504,0
1,23.84005,90.41724,0
1,23.83939,90.41765,0
1,23.83584,90.41889,0
1,23.83573,90.41892,0
1,23.83558,90.41894,0
1,23.8355,90.41896,0
1,23.83542,90.41898,0
1,23.83526,90.41901,0
1,23.83497,90.41906,0
1,23.83405,90.41924,0
1,23.83336,90.41936,0
1,23.83307,90.4194,0
1,23.8317,90.41959,0
1,23.83096,90.41971,0
1,23.82858,90.42014,1
1,23.82834,90.42022,1
1,23.82817,90.42029,1
1,23.82801,90.42032,0
1,23.82763,90.42039,1
1,23.82745,90.42042,0
1,23.82745,90.42042,0
1,23.82717,90.42047,1
1,23.82631,90.42061,0
1,23.82606,90.42064,0
1,23.82591,90.42066,1
1,23.8257,90.42071,1
1,23.8257,90.42071,1
1,23.82538,90.42083,0
1,23.82534,90.42086,1
1,23.82527,90.42093,1
1,23.82522,90.42101,0
1,23.82507,90.42161,0
1,23.82513,90.4219,1
1,23.82524,90.4223,0
1,23.8253,90.42254,1
1,23.82545,90.42325,1
1,23.82549,90.42349,0
1,23.82552,90.42361,0
1,23.82556,90.42383,0
1,23.82561,90.42404,0
1,23.82577,90.42477,0
1,23.82582,90.425,0
1,23.82612,90.42645,0
1,23.82618,90.42674,1
1,23.82621,90.42689,0
1,23.82624,90.42703,1
1,23.82638,90.42763,1
1,23.82641,90.42779,0
1,23.82654,90.4284,0
1,23.82721,90.43141,0
1,23.8275,90.43269,0
1,23.83144,90.45217,0
1,23.8316,90.45287,1
1,23.83164,90.45304,0
1,23.83173,90.45338,0
1,23.83208,90.45487,1
1,23.83216,90.45523,0
1,23.8323,90.45579,1
1,23.8324,90.45617,0
1,23.83259,90.45695,0
1,23.83336,90.46001,0
1,23.83408,90.46299,0
1,23.83417,90.46338,0
1,23.83607,90.47256,0
1,23.8361,90.47271,0
1,23.83617,90.47301,0
1,23.83642,90.47396,1
1,23.83645,90.47411,0
1,23.83652,90.47448,0
1,23.83665,90.47507,1
1,23.83682,90.47592,0
1,23.83687,90.47615,0
1,23.83721,90.47779,0
1,23.83758,90.48216,0
1,23.83757,90.48249,0
1,23.83757,90.48265,0
1,23.83756,90.48325,0
1,23.83756,90.48369,1
1,23.83756,90.48376,0
1,23.83756,90.48381,1
1,23.83755,90.48386,0
1,23.83741,90.48398,1
1,23.83741,90.48398,0
1,23.83731,90.48394,0
1,23.83731,90.48394,0
1,23.83727,90.48391,0
1,23.83722,90.4835,0
1,23.83722,90.48341,0
1,23.83722,90.48311,0
1,23.83722,90.4822,0
1,23.83722,90.48194,0
1,23.83646,90.4757,0
1,23.83551,90.47017,0
1,23.83515,90.46835,0
1,23.83392,90.46299,0
1,23.83379,90.46245,0
1,23.83375,90.46227,0
1,23.83278,90.45842,0
1,23.8325,90.45718,0
1,23.83237,90.45676,0
1,23.83237,90.45676,0
1,23.8322,90.45615,0
1,23.83203,90.45536,0
1,23.83194,90.45498,0
1,23.83173,90.45409,1
1,23.83169,90.45392,1
1,23.8316,90.45356,1
1,23.83156,90.45338,0
1,23.83153,90.4532,0
1,23.83148,90.45301,0
1,23.83129,90.45225,1
1,23.83124,90.45205,0
1,23.83002,90.44642,1
1,23.82998,90.44622,1
1,23.82994,90.44603,0
1,23.82962,90.44456,0
1,23.82942,90.44361,1
1,23.82939,90.44342,0
1,23.82878,90.4401,0
1,23.8287,90.43971,0
1,23.82864,90.43932,0
1,23.82802,90.43615,0
1,23.82707,90.43189,0
1,23.8268,90.43047,0
1,23.8264,90.42868,0
1,23.8264,90.42868,0
1,23.82577,90.42526,1
1,23.82563,90.42469,0
1,23.82554,90.42434,0
1,23.8255,90.42417,0
1,23.82539,90.42369,0
1,23.82539,90.42369,0
1,23.82531,90.42335,0
1,23.82528,90.42325,0
1,23.82517,90.42278,0
1,23.82496,90.42212,0
1,23.82481,90.42193,0
1,23.82481,90.42193,0
1,23.82467,90.42181,0
1,23.82451,90.42172,0
1,23.82432,90.42166,0
1,23.82401,90.42161,1
1,23.82381,90.4216,0
1,23.82083,90.42077,0
1,23.82079,90.41906,0
1,23.82068,90.41892,1
1,23.8205,90.41864,1
1,23.82046,90.41858,0
1,23.82039,90.41848,0
1,23.82036,90.41843,0
1,23.82025,90.41827,1
1,23.82024,90.41824,1
1,23.82025,90.41826,0
1,23.82026,90.41827,0
1,23.82027,90.41827,0
1,23.82019,90.41807,0
1,23.82012,90.41798,0
1,23.81978,90.41757,0
1,23.81979,90.41749,0
1,23.81872,90.41571,0
1,23.81854,90.4154,0
1,23.81746,90.41406,1
1,23.81718,90.41368,0
1,23.81697,90.41338,0
1,23.81594,90.41178,0
1,23.81543,90.41095,0
1,23.81454,90.40927,0
1,23.81431,90.4088,0
1,23.81283,90.40619,0
1,23.81087,90.40407,0
1,23.80613,90.40266,0
1,23.80583,90.40262,1
1,23.80523,90.40252,0
1,23.80377,90.40243,0
1,23.80365,90.40242,0
1,23.80255,90.40218,0
1,23.80085,90.40186,0
1,23.80013,90.40174,0
1,23.799,90.40154,1
1,23.79819,90.4014,0
1,23.79641,90.40097,1
1,23.7961,90.40089,0
1,23.79579,90.40081,0
1,23.79376,90.40039,0
1,23.79215,90.40013,1
1,23.79129,90.40002,0
1,23.79053,90.39987,0
1,23.79041,90.39985,0
1,23.78961,90.3997,1
1,23.78821,90.39948,0
1,23.78805,90.39945,0
1,23.78789,90.39943,0
1,23.78757,90.39938,0
1,23.78543,90.39903,0
1,23.78451,90.39889,0
1,23.7831,90.39864,0
1,23.78142,90.39841,0
1,23.78128,90.39838,0
1,23.78101,90.39834,0
1,23.78074,90.39831,0
1,23.78009,90.39822,1
1,23.77985,90.39818,0
1,23.77952,90.39812,0
1,23.77818,90.39787,0
1,23.77806,90.39785,0
1,23.77794,90.39783,0
1,23.77782,90.39781,0
1,23.77664,90.39764,0
1,23.77636,90.39758,0
1,23.77548,90.39745,0
1,23.77445,90.39728,0
1,23.77415,90.39723,0
1,23.77338,90.39709,0
1,23.77194,90.39685,0
1,23.77145,90.39677,0
1,23.77064,90.39665,0
1,23.77,90.39655,0
1,23.76952,90.39647,1
1,23.76936,90.39644,0
1,23.7689,90.39636,0
1,23.7686,90.39628,0
1,23.76743,90.39599,0
1,23.76731,90.39596,1
1,23.76708,90.39591,1
1,23.76648,90.39575,1
1,23.76629,90.39569,1
1,23.766,90.39562,0
1,23.76545,90.39548,0
1,23.76435,90.39523,0
1,23.76426,90.39522,0
1,23.76396,90.39519,1
1,23.76386,90.39518,0
2,23.83833,90.36397,0
2,23.83833,90.36397,0
2,23.83833,90.36397,0
2,23.83833,90.36397,1
2,23.83833,90.36397,1
2,23.83833,90.36397,0
2,23.83833,90.36397,0
2,23.83833,90.36397,0
2,23.83833,90.36397,0
2,23.83833,90.36397,0
2,23.83833,90.36397,0
2,23.83833,90.36397,0
2,23.83833,90.36397,0
2,23.83833,90.36397,1
2,23.83833,90.36397,0
2,23.83833,90.36397,0
2,23.83833,90.36397,0
2,23.83833,90.36397,1
2,23.83833,90.36397,0
2,23.83862,90.36429,0
2,23.83871,90.36414,0
2,23.83885,90.36421,0
2,23.84105,90.36403,1
2,23.84111,90.364,0
2,23.84111,90.364,1
2,23.84134,90.36392,0
2,23.84196,90.36374,0
2,23.84267,90.36352,1
2,23.84298,90.36348,0
2,23.84313,90.36347,1
2,23.8433,90.36346,1
2,23.8433,90.36346,1
2,23.84356,90.36342,0
2,23.84748,90.36319,0
2,23.84755,90.3632,0
2,23.84761,90.36321,0
2,23.84784,90.36324,0
2,23.84829,90.3633,0
2,23.84844,90.36333,1
2,23.84875,90.36337,1
2,23.84882,90.36338,1
2,23.84898,90.3634,1
2,23.84913,90.36342,1
2,23.8492,90.36343,1
2,23.84935,90.36346,1
2,23.84943,90.36347,0
2,23.84972,90.36351,0
2,23.85094,90.36369,1
2,23.85109,90.36372,1
2,23.85124,90.36374,0
2,23.85188,90.36384,1
2,23.85202,90.36386,0
2,23.85239,90.36392,0
2,23.85262,90.36395,0
2,23.85351,90.36409,0
2,23.85365,90.36411,0
2,23.85379,90.36414,0
2,23.85387,90.36415,0
2,23.85417,90.36419,1
2,23.85432,90.36422,0
2,23.85455,90.36426,1
2,23.85462,90.36426,0
2,23.8547,90.36427,1
2,23.85517,90.36434,0
2,23.856,90.36446,0
2,23.85615,90.36449,0
2,23.85634,90.36453,1
2,23.85652,90.36456,1
2,23.85671,90.36458,1
2,23.85677,90.3646,1
2,23.85684,90.36461,1
2,23.85702,90.36464,1
2,23.85714,90.36465,1
2,23.8573,90.36468,1
2,23.8573,90.36468,0
2,23.85754,90.36472,0
2,23.85758,90.36472,0
2,23.85912,90.3649,0
2,23.85937,90.36488,0
2,23.85946,90.36487,0
2,23.85982,90.36478,1
2,23.85996,90.36481,0
2,23.86003,90.36483,0
2,23.86045,90.36489,0
2,23.8605,90.36489,0
2,23.86117,90.36525,0
2,23.86122,90.36527,1
2,23.86122,90.36527,0
2,23.86144,90.36532,0
2,23.86144,90.36532,0
2,23.86189,90.3654,1
2,23.86196,90.36541,1
2,23.86232,90.36546,1
2,23.86246,90.36548,1
2,23.86253,90.3655,0
2,23.86298,90.36556,0
2,23.8639,90.36571,1
2,23.86398,90.36573,1
2,23.86428,90.36578,1
2,23.86436,90.36579,1
2,23.8645,90.36581,1
2,23.86465,90.36582,0
2,23.86562,90.36601,1
2,23.86575,90.36604,0
2,23.86582,90.36607,0
2,23.86602,90.36615,1
2,23.86608,90.36619,1
2,23.86614,90.36622,1
2,23.86627,90.3663,0
2,23.8665,90.36646,0
2,23.86662,90.36654,1
2,23.86667,90.36658,1
2,23.86707,90.36681,0
2,23.86777,90.36714,0
2,23.86992,90.36758,1
2,23.87026,90.36761,0
2,23.87145,90.36792,1
2,23.87145,90.36792,0
2,23.87239,90.36817,0
2,23.86698,90.36703,0
2,23.86625,90.36659,0
2,23.86534,90.36621,1
2,23.86522,90.36619,0
2,23.86356,90.36585,0
2,23.86224,90.36561,0
2,23.86097,90.36547,0
2,23.86088,90.36546,1
2,23.86083,90.36545,1
2,23.86028,90.3653,1
2,23.86009,90.3653,1
2,23.85996,90.36529,0
2,23.85937,90.36514,1
2,23.85902,90.36511,0
2,23.8572,90.36485,0
2,23.85708,90.36483,1
2,23.85683,90.36479,1
2,23.8567,90.36477,0
2,23.84982,90.3637,1
2,23.84982,90.3637,0
2,23.84934,90.36361,1
2,23.84927,90.3636,0
2,23.84861,90.36352,1
2,23.84846,90.3635,1
2,23.84838,90.36349,1
2,23.84824,90.36347,1
2,23.84796,90.36344,0
2,23.84764,90.36339,0
2,23.8475,90.36336,0
2,23.84536,90.36319,0
2,23.84501,90.36318,1
2,23.84495,90.36318,0
2,23.84482,90.36319,0
2,23.83892,90.36414,0
2,23.83865,90.36406,0
2,23.83814,90.36391,0
2,23.83801,90.36387,0
2,23.83793,90.36384,1
2,23.83789,90.36382,1
2,23.83781,90.36379,1
2,23.83777,90.36377,0
2,23.83717,90.36363,1
2,23.83717,90.36363,0
2,23.83434,90.3638,0
2,23.83355,90.36382,1
2,23.83338,90.36382,0
2,23.83274,90.36386,1
2,23.83263,90.36386,0
2,23.83079,90.3639,0
2,23.83072,90.3639,1
2,23.83022,90.3639,0
2,23.83015,90.3639,1
2,23.82992,90.36392,0
2,23.82964,90.36394,1
2,23.82935,90.36399,0
3,23.75047,90.39514,0
3,23.75108,90.39669,0
3,23.75149,90.39737,0
3,23.75196,90.39818,0
3,23.75205,90.39833,0
3,23.75218,90.39857,0
3,23.75349,90.40033,1
3,23.7535,90.40033,0
3,23.75352,90.40032,0
3,23.75351,90.40034,0
3,23.75352,90.40037,0
3,23.75351,90.40038,0
3,23.75358,90.4004,0
3,23.7538,90.40104,0
3,23.75451,90.40197,0
3,23.75456,90.40201,0
3,23.75489,90.40205,0
3,23.75502,90.40207,0
3,23.75627,90.40272,0
3,23.75634,90.40281,0
3,23.75807,90.40362,1
3,23.75855,90.40411,0
3,23.75874,90.40438,0
3,23.75943,90.40526,0
3,23.75951,90.40538,1
3,23.75971,90.40571,0
3,23.75977,90.40581,0
3,23.76075,90.40721,0
3,23.76249,90.40897,0
3,23.76356,90.40985,0
3,23.76401,90.4102,0
3,23.76545,90.41104,0
3,23.76592,90.41086,1
3,23.76638,90.41041,0
3,23.76697,90.40964,0
3,23.76705,90.40955,0
3,23.76727,90.40929,1
3,23.76742,90.40913,0
3,23.76742,90.40913,0
3,23.76794,90.4087,0
3,23.76814,90.40866,0
3,23.7683,90.40871,0
3,23.7685,90.40883,0
3,23.76881,90.40928,0
3,23.76882,90.41021,1
3,23.76855,90.41081,0
3,23.76848,90.4112,0
3,23.76848,90.41133,0
3,23.76849,90.41157,0
3,23.76849,90.41157,0
3,23.76878,90.41223,0
3,23.76954,90.41264,0
3,23.76978,90.41272,0
3,23.77003,90.41278,0
3,23.77104,90.41285,1
3,23.77111,90.41286,1
3,23.77116,90.41287,0
3,23.77123,90.41289,1
3,23.77132,90.41294,0
3,23.77217,90.41446,1
3,23.77251,90.41525,0
3,23.77255,90.41535,0
3,23.77262,90.4156,0
3,23.77257,90.41595,1
3,23.77256,90.41605,1
3,23.77255,90.41615,0
3,23.7727,90.41663,1
3,23.77276,90.41671,0
3,23.77281,90.41679,1
3,23.77285,90.41687,0
3,23.77295,90.41713,1
3,23.77298,90.41752,0
3,23.77283,90.41794,1
3,23.77278,90.41801,0
3,23.77266,90.41811,1
3,23.77244,90.41823,0
3,23.77229,90.4183,0
3,23.77206,90.41841,0
3,23.77171,90.41854,0
3,23.77155,90.41861,0
3,23.77133,90.4188,0
3,23.7708,90.41994,0
3,23.77076,90.42039,1
3,23.77079,90.42063,1
3,23.77083,90.42082,1
3,23.77085,90.42089,1
3,23.77089,90.421,1
3,23.77102,90.42114,0
3,23.77121,90.42197,0
3,23.77087,90.42231,0
3,23.76931,90.42275,0
3,23.76808,90.42194,1
3,23.76811,90.42168,0
3,23.76812,90.42145,0
3,23.76845,90.41838,0
3,23.76851,90.4177,1
3,23.76854,90.41758,0
3,23.76856,90.41745,0
3,23.76831,90.41541,0
3,23.76824,90.41529,0
3,23.76767,90.41449,1
3,23.76759,90.41439,0
3,23.76706,90.41382,0
3,23.76675,90.41349,0
3,23.76641,90.41314,0
3,23.76568,90.41245,0
3,23.76558,90.41238,0
3,23.76538,90.41224,0
3,23.765,90.412,0
3,23.7649,90.41194,1
3,23.76438,90.41175,0
3,23.76387,90.41159,0
3,23.76339,90.41141,0
3,23.76316,90.41136,1
3,23.76272,90.41122,0
3,23.76185,90.41074,0
3,23.75854,90.40895,0
3,23.75476,90.40412,0
3,23.75451,90.40408,0
3,23.754,90.40392,1
3,23.75395,90.40385,0
3,23.7552,90.40205,0
3,23.75527,90.40207,1
3,23.75558,90.40215,0
3,23.75575,90.40221,0
3,23.75909,90.4048,0
3,23.75942,90.40519,0
3,23.75952,90.40538,1
3,23.75964,90.40557,0
3,23.75976,90.40575,0
3,23.76074,90.40716,0
3,23.76687,90.40955,0
3,23.76695,90.4094,1
3,23.76706,90.40928,0
3,23.76706,90.40928,0
3,23.76719,90.40918,0
3,23.76867,90.40876,0
3,23.76892,90.4091,1
3,23.76896,90.40921,1
3,23.76899,90.40932,0
3,23.76903,90.40964,0
3,23.76865,90.41115,0
3,23.76868,90.41156,0
3,23.77072,90.41276,0
3,23.77251,90.41428,0
3,23.77281,90.41495,0
3,23.77311,90.41548,0
3,23.77328,90.41566,1
3,23.77345,90.41582,0
3,23.77385,90.41601,0
3,23.77962,90.41669,0
3,23.77961,90.41669,1
3,23.77962,90.41666,1
3,23.77961,90.41666,1
3,23.77961,90.41666,1
3,23.77961,90.41665,0
3,23.77964,90.41665,1
3,23.77967,90.41663,1
3,23.77967,90.41663,1
3,23.77966,90.41662,1
3,23.77967,90.41662,1
3,23.7797,90.41664,1
3,23.77991,90.41662,0
3,23.78027,90.41668,1
3,23.78029,90.41669,1
3,23.78047,90.41679,1
3,23.78053,90.41678,0
3,23.78065,90.41675,0
3,23.78324,90.41687,0
3,23.78332,90.41691,0
3,23.78387,90.41692,1
3,23.78389,90.41694,1
3,23.78396,90.41699,0
3,23.78452,90.41706,0
3,23.78455,90.41712,0
3,23.78557,90.4169,0
3,23.78724,90.41679,1
3,23.78736,90.41678,0
3,23.78855,90.41649,0
3,23.7898,90.41581,0
3,23.7897,90.41472,0
3,23.78955,90.41414,0
3,23.78998,90.41374,0
3,23.79002,90.41371,0
3,23.79092,90.41351,0
3,23.79182,90.41334,1
3,23.79219,90.41338,0
3,23.79224,90.41336,0
3,23.79309,90.41317,0
3,23.79337,90.41313,0
3,23.79362,90.41305,0
3,23.79412,90.41296,0
3,23.79412,90.41296,0
3,23.79412,90.41294,0
3,23.79408,90.41281,0
3,23.79409,90.41258,0
3,23.79396,90.41198,0
3,23.79392,90.41194,0
3,23.79378,90.41115,0
3,23.79344,90.41002,0
3,23.79364,90.40855,0
3,23.79393,90.40857,1
3,23.79429,90.40849,0
3,23.79462,90.40837,0
3,23.79534,90.40811,0
3,23.79593,90.40785,0
3,23.79605,90.40779,0
3,23.79658,90.40752,0
3,23.79665,90.40748,0
3,23.79668,90.40743,1
3,23.79669,90.4074,0
3,23.79752,90.40684,0
3,23.79767,90.40669,0
3,23.79771,90.40665,0
3,23.79805,90.40647,0
3,23.79837,90.40585,0
3,23.7988,90.40459,1
3,23.79884,90.40443,1
3,23.7989,90.40397,0
3,23.79904,90.40291,0
3,23.79917,90.40201,0
3,23.80021,90.40192,0
3,23.80255,90.40224,0
3,23.80331,90.40233,0
3,23.8037,90.40233,0
3,23.80678,90.40289,0
3,23.81041,90.40327,0
3,23.81302,90.40391,0
3,23.81314,90.40394,0
3,23.81438,90.40423,1
3,23.81486,90.40432,0
3,23.81537,90.40443,1
3,23.81539,90.40441,0
3,23.81553,90.4045,0
3,23.81593,90.40453,0
3,23.81596,90.40455,0
3,23.816,90.40458,1
3,23.8161,90.4045,0
3,23.81618,90.40429,0
3,23.81618,90.40429,0
3,23.8162,90.40392,0
3,23.81635,90.40269,0
3,23.81636,90.40254,0
3,23.81637,90.40241,0
3,23.81639,90.40227,1
3,23.81643,90.40173,1
3,23.81647,90.40145,1
3,23.81649,90.40131,0
3,23.81653,90.40106,1
3,23.81655,90.40094,0
3,23.81657,90.40083,0
3,23.81629,90.40033,0
3,23.81621,90.40031,1
3,23.81614,90.40029,1
3,23.81606,90.40027,1
3,23.81599,90.40026,1
3,23.8159,90.40026,1
3,23.81574,90.40026,1
3,23.81567,90.40026,1
3,23.81493,90.40023,1
3,23.81487,90.4002,1
3,23.81478,90.4002,1
3,23.81469,90.40022,1
3,23.81459,90.40024,0
3,23.81451,90.40026,0
3,23.81165,90.39962,0
3,23.81091,90.39941,0
3,23.8106,90.39933,0
3,23.8102,90.39923,0
3,23.80736,90.39893,0
3,23.80725,90.39891,0
3,23.80499,90.39809,0
3,23.80376,90.39705,0
3,23.80357,90.39685,1
3,23.8034,90.39667,0
3,23.80264,90.39584,0
3,23.79883,90.39383,0
3,23.79554,90.39296,0
3,23.79458,90.39266,0
3,23.7925,90.39222,0
3,23.78869,90.39115,1
3,23.78859,90.39114,1
3,23.78849,90.39112,0
3,23.78693,90.39075,1
3,23.78682,90.39071,0
3,23.78638,90.39055,0
3,23.78606,90.39043,0
3,23.78585,90.39036,0
3,23.78558,90.39026,0
3,23.78545,90.39022,0
3,23.78496,90.39003,0
3,23.78438,90.38984,1
3,23.78398,90.38972,0
3,23.78281,90.38949,0
3,23.7804,90.38943,0
3,23.77899,90.38944,0
3,23.77602,90.38987,0
