model,feature_set,seed,condition,horizon_s,n,positive_rate,auprc,auprc_lift,auroc,brier,nll,ece,f1_best,f1_best_threshold,recall_at_fpr0.01,threshold_at_fpr0.01,recall_at_fpr0.05,threshold_at_fpr0.05,recall_at_fpr0.1,threshold_at_fpr0.1,precision_at_recall0.5,precision_at_recall0.8,auprc_ci_low,auprc_ci_high,n_drives
rule,rf_mob_hist,1337,grouped_drive,0.5,8131,0.036772844668552455,0.0654143873442536,1.7788775367763412,0.6532720149903833,0.15064012509759042,0.6967639187129154,0.17050310887068093,0.13514594162335064,0.21365546366762914,0.0033444816053511705,0.9999802696611528,0.0903010033444816,0.9714538788214807,0.24414715719063546,0.8202705880258625,0.07735368956743002,0.043843624406284254,0.05284774490427582,0.08042802183851969,57
rule,rf_mob_hist,1337,grouped_drive,1.0,8131,0.0670274259008732,0.11749203250888296,1.7528948923481238,0.6529985221448492,0.15654186245563267,0.7329005579855244,0.16312394271645636,0.21698630136986302,0.6196066018200848,0.005504587155963303,0.9999802696611528,0.11376146788990826,0.9676096965129412,0.26238532110091745,0.8007373346776753,0.13652217239661185,0.0793159905402947,0.10040927959703592,0.135150795702874,57
rule,rf_mob_hist,1337,grouped_drive,2.0,8084,0.12481444829292429,0.2210502347236757,1.7710308201250686,0.6752720217687457,0.16722101042582863,0.7800896943118149,0.1469654494426073,0.34629629629629627,0.19877959969300693,0.005946481665014866,0.9999802696611528,0.13181367690782952,0.9544543302720304,0.2804757185332012,0.751959589949002,0.25489212242849973,0.15956820412168793,0.1948575080369109,0.24669324887243074,57
rule,rf_mob_hist,1337,grouped_drive,3.0,8038,0.17491913411296342,0.2975623031302136,1.7011420999720177,0.6737247592173471,0.1824298086751756,0.8449609261647566,0.15210230234264346,0.4218512898330804,0.11888512659913669,0.007823613086770981,0.9999802696611528,0.13513513513513514,0.944131921187715,0.28378378378378377,0.7171367597276206,0.34074775201135826,0.21743332044839583,0.26260450013349756,0.3291952847575205,57
rule,rf_mob_hist,1337,grouped_drive,5.0,7941,0.2591613146958821,0.4107356622527236,1.5848648658643725,0.6649042463443695,0.21474396383660577,0.9887599808623442,0.17711532749847983,0.49705634987384345,0.09037284923991448,0.012147716229348883,0.9999661635938774,0.1491739552964043,0.9154303000226859,0.29591836734693877,0.6442685142245304,0.46292134831460674,0.2961165048543689,0.37118013120705207,0.45063445686284465,57
logreg,rf_mob_hist,1337,grouped_drive,0.5,8131,0.036772844668552455,0.40188872529500147,10.928953931015574,0.9028597196648003,0.07488292988150648,0.29417973826343474,0.12246026270397625,0.521985815602837,0.914516639665711,0.26755852842809363,0.9934006336426685,0.7090301003344481,0.7243339523142944,0.7759197324414716,0.45420944654237705,0.48859934853420195,0.1956168831168831,0.33005705524302664,0.48038794441078614,57
logreg,rf_mob_hist,1337,grouped_drive,1.0,8131,0.0670274259008732,0.7276015963079222,10.855281797393975,0.9269995186691082,0.07293571245095536,0.2582216275240625,0.1270380055805492,0.7335359675785207,0.9298200370098659,0.655045871559633,0.9368984580375519,0.763302752293578,0.6908709680737114,0.8165137614678899,0.46454975321637987,0.8753993610223643,0.4090056285178236,0.6679479408143426,0.7761859607181677,57
logreg,rf_mob_hist,1337,grouped_drive,2.0,8084,0.12481444829292429,0.6066959784905112,4.860783240948754,0.8489138390527655,0.14143135756539185,0.4402775892610159,0.20530430433275654,0.558589306029579,0.8079749623005292,0.35777998017839446,0.9279138767984001,0.5104063429137761,0.7656177209608795,0.6124876114965312,0.6546890039962078,0.6196319018404908,0.2801246537396122,0.559456290526948,0.6475557339775637,57
logreg,rf_mob_hist,1337,grouped_drive,3.0,8038,0.17491913411296342,0.5855009529715928,3.347266472251538,0.8176310556000734,0.1644657206687193,0.5009236048862141,0.20182974140626483,0.5347912524850895,0.642826909158812,0.2581792318634424,0.9310254892865705,0.4274537695590327,0.7842844090370984,0.5341394025604552,0.6800392451383808,0.5552922590837283,0.326749927388905,0.5396568315670042,0.6299683444595294,57
logreg,rf_mob_hist,1337,grouped_drive,5.0,7941,0.2591613146958821,0.6016105600906189,2.3213748579589915,0.7809407680412687,0.18733706985548362,0.5565628388664288,0.1648161988629818,0.5533923303834809,0.4987836941728842,0.17103984450923226,0.9318591390853376,0.3396501457725947,0.8027213064562279,0.45335276967930027,0.7115949584650152,0.5836642087351106,0.39821083172147004,0.5515034364755886,0.6529828748273483,57
lgbm,rf_mob_hist,1337,grouped_drive,0.5,8131,0.036772844668552455,0.4156388894829347,11.302875620019204,0.9158934616921915,0.027705691159592368,0.1386142624583684,0.022611372657617236,0.5746799431009957,0.09161666911923123,0.3010033444816054,0.8336183768464054,0.7324414715719063,0.015045497328677578,0.7759197324414716,0.002871313325270171,0.5629370629370629,0.20253164556962025,0.34994408985358766,0.4895534546188611,57
lgbm,rf_mob_hist,1337,grouped_drive,1.0,8131,0.0670274259008732,0.7841112392289405,11.698364194808287,0.9325645745300978,0.02600804927962289,0.15268569821622646,0.02364435724980936,0.7790821771611527,0.9412286820805594,0.6954128440366972,0.30775953119581406,0.7467889908256881,0.026614348704813204,0.7963302752293578,0.006394282106856743,0.9829351535836177,0.35973597359735976,0.7396368786244337,0.8258449282065257,57
lgbm,rf_mob_hist,1337,grouped_drive,2.0,8084,0.12481444829292429,0.6272669326101523,5.025595523508891,0.8540727796124632,0.0787612415931727,0.33615520819813377,0.06085184082024694,0.5545102379634754,0.388106532870735,0.38057482656095143,0.8577867163287844,0.5133795837462835,0.33459641866235007,0.5966303270564915,0.1409663161165096,0.6196319018404908,0.2885714285714286,0.5941969421139521,0.657224988855133,57
lgbm,rf_mob_hist,1337,grouped_drive,3.0,8038,0.17491913411296342,0.598121696936687,3.4194183499125823,0.816210832602649,0.1209833801729512,0.46481427154686117,0.0907408717480078,0.5320846340617412,0.33385942637798904,0.27667140825035563,0.9359609476289672,0.39473684210526316,0.6632910436992827,0.5320056899004267,0.3662898789286848,0.5505090054815975,0.32553437319468514,0.5604723965178674,0.6360002479328569,57
lgbm,rf_mob_hist,1337,grouped_drive,5.0,7941,0.2591613146958821,0.6059921069622743,2.338281497272799,0.7828691224917639,0.17992223262443016,0.6292404098719689,0.14091586180539808,0.5512041884816754,0.30335271392776225,0.17201166180758018,0.9799931156017224,0.32215743440233235,0.8695505434744707,0.43731778425655976,0.7091806958388979,0.5635268346111719,0.40696812453669384,0.5637829925410468,0.6488562031560557,57
mlp,rf_mob_hist,1337,grouped_drive,0.5,8131,0.036772844668552455,0.4114399545707118,11.188689868275778,0.9117901517144311,0.06975121329130851,0.2388494770534653,0.1069668637549964,0.5122699386503067,0.8461601734161377,0.34448160535117056,0.9592689871788025,0.6622073578595318,0.6935940384864807,0.745819397993311,0.46507468819618225,0.498371335504886,0.1583442838370565,0.3459099586146049,0.4891720996105584,57
mlp,rf_mob_hist,1337,grouped_drive,1.0,8131,0.0670274259008732,0.6774665423479675,10.10730358868133,0.9100075706818693,0.08145285884598244,0.2696900334229094,0.12128623277661289,0.6417759838546923,0.8788418769836426,0.5302752293577981,0.9274892807006836,0.6954128440366972,0.6962510347366333,0.7688073394495413,0.5287743806838989,0.8348623853211009,0.28543435662965383,0.6138393147830064,0.7362700615529725,57
mlp,rf_mob_hist,1337,grouped_drive,2.0,8084,0.12481444829292429,0.5837370904967146,4.676839087785373,0.8449313072804128,0.1368036947726871,0.4281948806452269,0.18395260517623224,0.5365597054182009,0.7710977792739868,0.3002973240832507,0.933480441570282,0.48761149653121905,0.7865557670593262,0.5926660059464817,0.6580858826637268,0.5730464326160816,0.2882080513003206,0.5310354052125053,0.63266422246099,57
mlp,rf_mob_hist,1337,grouped_drive,3.0,8038,0.17491913411296342,0.5742869277560915,3.283156703629775,0.8131837832690159,0.16035678497103042,0.49136700280047996,0.18181285735595454,0.5311284046692607,0.6201316714286804,0.23826458036984352,0.9326335787773132,0.39829302987197723,0.8039901256561279,0.515647226173542,0.6851696372032166,0.5301659125188537,0.31725888324873097,0.5224654509366643,0.6281692466394065,57
mlp,rf_mob_hist,1337,grouped_drive,5.0,7941,0.2591613146958821,0.6018352795791173,2.3222419607083435,0.7855977023285455,0.18101603431011268,0.5454891630813133,0.1488321730474579,0.5613018279090504,0.5491250157356262,0.16423712342079688,0.9388057589530945,0.337220602526725,0.8026832938194275,0.45286686103012636,0.6960511803627014,0.5868945868945868,0.39744208494208494,0.5492237201076018,0.6601489023902837,57
gru,rf_mob_hist,1337,grouped_drive,0.5,8131,0.036772844668552455,0.26940936707459345,7.326312922018459,0.8543591850260145,0.10199965312509683,0.3156071028185396,0.160352505597086,0.3811074918566776,0.8604730367660522,0.19063545150501673,0.922981321811676,0.4816053511705686,0.78397136926651,0.6220735785953178,0.6372117400169373,0.25463743676222594,0.10661928031985785,0.21428054098249233,0.34835028129159407,57
gru,rf_mob_hist,1337,grouped_drive,1.0,8131,0.0670274259008732,0.47472515955676436,7.0825509584514705,0.8718763681044512,0.12029181379095831,0.36794918859398984,0.17269113194463007,0.5004405286343613,0.8386770486831665,0.3137614678899083,0.9295069575309753,0.5412844036697247,0.8191618323326111,0.655045871559633,0.705170750617981,0.4927797833935018,0.20771796093377798,0.41382847964563113,0.5338306113871759,57
gru,rf_mob_hist,1337,grouped_drive,2.0,8084,0.12481444829292429,0.44328314513203365,3.551537111246145,0.8075498604432897,0.16582825673712956,0.5025023890501005,0.19719875127936307,0.46945898778359507,0.7553346753120422,0.13181367690782952,0.9490072131156921,0.3875123885034688,0.8597073554992676,0.5163528245787908,0.7701181769371033,0.4350816852966466,0.2376470588235294,0.39064429637509174,0.49252745932801334,57
gru,rf_mob_hist,1337,grouped_drive,3.0,8038,0.17491913411296342,0.4701768406633298,2.687966888514826,0.7828214896694675,0.1843947664689325,0.5581440756874225,0.1808384311916462,0.491981845688351,0.6767352223396301,0.08961593172119488,0.962253987789154,0.3236130867709815,0.87394779920578,0.45590327169274536,0.7906100153923035,0.4631093544137022,0.29035585353274884,0.4118620806597281,0.5282647083483853,57
gru,rf_mob_hist,1337,grouped_drive,5.0,7941,0.2591613146958821,0.5277475419880474,2.0363669732395944,0.7589480123172846,0.2070086004227416,0.6194542570692,0.15666811988381613,0.5337646583097453,0.5424036979675293,0.06656948493683187,0.9680812358856201,0.26724975704567544,0.8856948614120483,0.40573372206025266,0.81179279088974,0.5252422233554309,0.3840967216926296,0.4657106473606083,0.5943791454759424,57
tcn,rf_mob_hist,1337,grouped_drive,0.5,8131,0.036772844668552455,0.3526632271429695,9.590316722071856,0.8796704028750926,0.06524101379868806,0.21938594714956422,0.08304043827445733,0.44012944983818775,0.869415283203125,0.27424749163879597,0.9506655335426331,0.5418060200668896,0.6909356713294983,0.6555183946488294,0.39835965633392334,0.3694581280788177,0.14311270125223613,0.2876932908575035,0.4286098802337385,57
tcn,rf_mob_hist,1337,grouped_drive,1.0,8131,0.0670274259008732,0.5743893612277058,8.569467699343992,0.8836400709176974,0.07924041480950657,0.26351152872683686,0.09078838834032656,0.5635808748728383,0.8781041502952576,0.41100917431192663,0.9416161775588989,0.581651376146789,0.734553337097168,0.6862385321100918,0.48171892762184143,0.6408450704225352,0.23253333333333334,0.5225704031213224,0.6214025959585039,57
tcn,rf_mob_hist,1337,grouped_drive,2.0,8084,0.12481444829292429,0.51494241906625,4.125663543837033,0.8139381607931444,0.13312950352888592,0.4338880206211551,0.14024867537191332,0.4913880445795339,0.7847355008125305,0.23785926660059464,0.962265133857727,0.4192269573835481,0.84279465675354,0.5470763131813677,0.6771661639213562,0.462878093492209,0.24271553018924602,0.4699171021434947,0.5595367211354995,57
tcn,rf_mob_hist,1337,grouped_drive,3.0,8038,0.17491913411296342,0.514462699699126,2.9411459318503375,0.785155693675391,0.16462180874978113,0.5273627542439919,0.1565811822479269,0.5054945054945055,0.6335819959640503,0.16216216216216217,0.9663957357406616,0.3584637268847795,0.8753384351730347,0.4793741109530583,0.7484838366508484,0.48318462594371997,0.29496591504981645,0.4660085383196446,0.5671628840335708,57
tcn,rf_mob_hist,1337,grouped_drive,5.0,7941,0.2591613146958821,0.5551943121445339,2.1422730965693604,0.7591508665825185,0.19691728840282252,0.6083632210074247,0.15065424790136314,0.5458231954582319,0.481032133102417,0.0966958211856171,0.9750481247901917,0.29640427599611274,0.8936255574226379,0.4101068999028183,0.7961287498474121,0.5493860117458622,0.378533670420593,0.505200040530783,0.6082888647581688,57
transformer,rf_mob_hist,1337,grouped_drive,0.5,8131,0.036772844668552455,0.36731365374405345,9.988720129073238,0.882402313124101,0.0736941698381485,0.24285939071115284,0.09584777651848324,0.45230769230769236,0.8911080956459045,0.24414715719063546,0.9548918008804321,0.5953177257525084,0.7847701907157898,0.7190635451505016,0.47900059819221497,0.410958904109589,0.16494845360824742,0.31194111525263946,0.43229940006678214,57
transformer,rf_mob_hist,1337,grouped_drive,1.0,8131,0.0670274259008732,0.5669225556212907,8.458068439920577,0.8807223349627634,0.08961312241475929,0.3039125733486627,0.10942580328778288,0.5590062111801242,0.9309327602386475,0.4018348623853211,0.9581660032272339,0.6146788990825688,0.8326519727706909,0.7321100917431193,0.5598049759864807,0.6152125279642058,0.2702535559678417,0.5183017076004404,0.619774292175283,57
transformer,rf_mob_hist,1337,grouped_drive,2.0,8084,0.12481444829292429,0.4696187333298142,3.7625350250131,0.8004991122302108,0.15203226637678857,0.49948929975341144,0.1675903208208736,0.4894837476099427,0.8089528679847717,0.16253716551040634,0.9737846851348877,0.40832507433102083,0.892299473285675,0.5341922695738355,0.7642637491226196,0.4743709226467847,0.24352799518362434,0.4146121223174204,0.5300397668293165,57
transformer,rf_mob_hist,1337,grouped_drive,3.0,8038,0.17491913411296342,0.46267168526379676,2.6450604595664284,0.7715687721242925,0.1848769776362836,0.6040392937744611,0.17960901658925815,0.4874141876430206,0.6157333850860596,0.06756756756756757,0.9872869253158569,0.3236130867709815,0.9193978309631348,0.45803698435277385,0.8224931955337524,0.4637203166226913,0.2905387986594483,0.40014769266232275,0.5317158546912091,57
transformer,rf_mob_hist,1337,grouped_drive,5.0,7941,0.2591613146958821,0.5119873736625914,1.975554778549387,0.7466149520442936,0.2151940825185053,0.6761110188219802,0.17414203505713746,0.5343543046357616,0.5629386901855469,0.04227405247813411,0.9884998202323914,0.23858114674441205,0.9337701201438904,0.37900874635568516,0.8578333258628845,0.5212121212121212,0.38030442804428044,0.4505999045557834,0.5817714602286411,57
rule,rf_mob_hist,1337,random_row,0.5,1244,0.03858520900321544,0.06495975160301153,1.6835402290447152,0.601701853400223,0.16009129820490167,0.7737659414847202,0.1860075020766463,0.15286624203821655,0.9010629122378808,0.0,0.9999999955226855,0.0625,0.9859573663466564,0.2708333333333333,0.8447415262649675,0.07947019867549669,0.038678485092667206,0.03845315217333445,0.10900437097055772,57
rule,rf_mob_hist,1337,random_row,1.0,1244,0.06591639871382636,0.10488053989948613,1.591114532133668,0.5931531002057009,0.16664651031532768,0.816173132364561,0.18439978503484566,0.2160278745644599,0.6316714213333827,0.012195121951219513,0.9999980574656939,0.07317073170731707,0.9787579784449395,0.25609756097560976,0.8294618627545133,0.1242603550295858,0.06620553359683795,0.07577581288366647,0.15061804943749532,57
rule,rf_mob_hist,1337,random_row,2.0,1236,0.12702265372168284,0.22805719435402577,1.7954056829399738,0.6417536879512169,0.17335150197362617,0.8405450029965937,0.16714176929288205,0.344294003868472,0.2066144915628607,0.025477707006369428,0.9999679597261691,0.1464968152866242,0.9648423067591739,0.31210191082802546,0.7636376292539814,0.2597402597402597,0.13680781758957655,0.18438438060469176,0.2916498199583308,57
rule,rf_mob_hist,1337,random_row,3.0,1234,0.17260940032414912,0.29967174618536796,1.7361264544260284,0.6389252918753132,0.18660128083010977,0.9114910540489061,0.16347381764100444,0.4131944444444444,0.1949467753884251,0.028169014084507043,0.9999679597261691,0.14553990610328638,0.9544543302720304,0.29107981220657275,0.7428063472356178,0.3333333333333333,0.18376068376068377,0.2496946550002952,0.3620370847577112,57
rule,rf_mob_hist,1337,random_row,5.0,1224,0.2581699346405229,0.39275165365731457,1.5212912154321296,0.6336363129426198,0.22121779953715145,1.0870177163068986,0.18314404427753891,0.47644683714670255,0.09866726879874968,0.0189873417721519,0.9999679597261691,0.13291139240506328,0.9449257585476284,0.2911392405063291,0.7002492083097859,0.4401114206128134,0.27262931034482757,0.3476172966301262,0.4503017061790991,57
logreg,rf_mob_hist,1337,random_row,0.5,1244,0.03858520900321544,0.4852017013318773,12.574810759517819,0.9269439799331103,0.07294537064885112,0.2820337087608086,0.1291436701108134,0.5567010309278351,0.9423992935288805,0.22916666666666666,0.9973190870453169,0.7291666666666666,0.7434578404555239,0.7916666666666666,0.5679563395672058,0.5510204081632653,0.2469879518072289,0.3608515375501322,0.6284109812735493,57
logreg,rf_mob_hist,1337,random_row,1.0,1244,0.06591639871382636,0.7041594316316001,10.682613816459886,0.9055350321145208,0.07396541126230141,0.26506045985791993,0.11711940256290028,0.7092198581560283,0.967062582855577,0.6097560975609756,0.967062582855577,0.7439024390243902,0.6807258482937343,0.7804878048780488,0.4930499587340934,0.8653846153846154,0.3188405797101449,0.6170769668175968,0.7903944212360136,57
logreg,rf_mob_hist,1337,random_row,2.0,1236,0.12702265372168284,0.5897945581533665,4.643223400494019,0.8437158728003636,0.1411706814155092,0.43847161908558613,0.19522513869093627,0.5270758122743682,0.7789660457239436,0.3184713375796178,0.9386111739141145,0.46496815286624205,0.7789660457239436,0.5796178343949044,0.6606502923770755,0.48520710059171596,0.29836829836829837,0.5036816134060548,0.6745188624857053,57
logreg,rf_mob_hist,1337,random_row,3.0,1234,0.17260940032414912,0.5853644928126076,3.391266592163182,0.826530189954615,0.16403341820934045,0.4986566920741153,0.20384885499965694,0.5531914893617021,0.5853737437609982,0.23943661971830985,0.9368420275617363,0.38028169014084506,0.8086840934672271,0.5211267605633803,0.704739255059788,0.54,0.33794466403162055,0.5044381164094156,0.6650809527267646,57
logreg,rf_mob_hist,1337,random_row,5.0,1224,0.2581699346405229,0.6261703030262651,2.425419148430849,0.8079274243015669,0.17887491678291478,0.5372563493134105,0.16932086838666535,0.6057298772169167,0.5522313456528437,0.13924050632911392,0.9381774821568646,0.3322784810126582,0.8148101557496575,0.5189873417721519,0.7085948487022896,0.6625,0.44778761061946903,0.5533058340407025,0.6927992417070569,57
lgbm,rf_mob_hist,1337,random_row,0.5,1244,0.03858520900321544,0.584565842740185,15.149998091016458,0.9394683667781494,0.023066262895426973,0.11390853376665316,0.02164573253290705,0.6666666666666667,0.48179387963837605,0.5416666666666666,0.6533718169330971,0.7916666666666666,0.009229288026972947,0.8958333333333334,0.002568219767943232,0.7073170731707317,0.3644859813084112,0.44586688860355894,0.7247169551725962,57
lgbm,rf_mob_hist,1337,random_row,1.0,1244,0.06591639871382636,0.7742377216249008,11.745752752455813,0.9280781663238319,0.027219124519276792,0.16268646239290846,0.02636814465711838,0.7647058823529412,0.8965051954246622,0.6463414634146342,0.5393745978832892,0.7439024390243902,0.013071261448845514,0.8414634146341463,0.004464369885584754,0.9772727272727273,0.44666666666666666,0.6937967038569472,0.8465452693237907,57
lgbm,rf_mob_hist,1337,random_row,2.0,1236,0.12702265372168284,0.6490686270984104,5.109865115246085,0.8711888219216898,0.0759618158440005,0.33712415708531235,0.0635116974459091,0.5695364238410595,0.12944781585023435,0.39490445859872614,0.7136774293686158,0.5159235668789809,0.1636426009704091,0.6242038216560509,0.07325013740041304,0.6153846153846154,0.3038277511961722,0.5687131025448932,0.7148270967298871,57
lgbm,rf_mob_hist,1337,random_row,3.0,1234,0.17260940032414912,0.720541788248493,4.174406416425541,0.8991093147195284,0.0913226174641208,0.3225433624893194,0.06648891331431662,0.6283367556468172,0.1524253465077387,0.37089201877934275,0.852563831480203,0.5211267605633803,0.4490452310875236,0.6572769953051644,0.22344130726332642,0.7379310344827587,0.4789915966386555,0.6561095673266517,0.7813670882862992,57
lgbm,rf_mob_hist,1337,random_row,5.0,1224,0.2581699346405229,0.8318785958932966,3.2222132954854272,0.9281666480789605,0.09162551375185989,0.3115658305999332,0.05208313929763443,0.7694610778443114,0.33753981287118706,0.3512658227848101,0.9338574106949091,0.6265822784810127,0.6362823216626721,0.7974683544303798,0.368453280250947,0.8556149732620321,0.7333333333333333,0.7996572184382014,0.8667717782988911,57
mlp,rf_mob_hist,1337,random_row,0.5,1244,0.03858520900321544,0.5204384744496562,13.488030462820255,0.9254110925306577,0.046657882489654696,0.18507462024332866,0.07796881034637568,0.6122448979591836,0.7943068742752075,0.375,0.9690626859664917,0.75,0.5818473696708679,0.8333333333333334,0.31526297330856323,0.6041666666666666,0.3023255813953488,0.3714162006896919,0.6837573269115874,57
mlp,rf_mob_hist,1337,random_row,1.0,1244,0.06591639871382636,0.7121801621859554,10.804294167796689,0.8998467738550018,0.056947015711244234,0.20436961379757163,0.08505369614534852,0.7101449275362318,0.8807864189147949,0.6097560975609756,0.8075570464134216,0.6707317073170732,0.5425665378570557,0.7682926829268293,0.34799468517303467,0.9318181818181818,0.27848101265822783,0.6312906887789747,0.7970963137856616,57
mlp,rf_mob_hist,1337,random_row,2.0,1236,0.12702265372168284,0.5993289387205234,4.718283874258389,0.8449850356841379,0.11950431685891312,0.37347607388755977,0.1552660043584842,0.5447470817120622,0.7612866163253784,0.3375796178343949,0.8746297359466553,0.46496815286624205,0.7115233540534973,0.5732484076433121,0.581760823726654,0.5337837837837838,0.267515923566879,0.5192279755319711,0.6782332364057443,57
mlp,rf_mob_hist,1337,random_row,3.0,1234,0.17260940032414912,0.6101182563114047,3.5346757196632552,0.8271785463022996,0.1484619984028408,0.4490123217285414,0.17763476817573556,0.5393258426966292,0.5218488574028015,0.27699530516431925,0.8719896078109741,0.4131455399061033,0.7386030554771423,0.539906103286385,0.6266402006149292,0.5463414634146342,0.33463796477495106,0.5358947293178536,0.6842676028700928,57
mlp,rf_mob_hist,1337,random_row,5.0,1224,0.2581699346405229,0.6608478212281301,2.559739661972251,0.817675514414766,0.16499189349725893,0.49381775038891224,0.14621750791359303,0.6034755134281201,0.5823382139205933,0.22151898734177214,0.8524252772331238,0.34810126582278483,0.7437273859977722,0.5126582278481012,0.6474009156227112,0.6666666666666666,0.4386873920552677,0.5989101608371814,0.7162628989804563,57
gru,rf_mob_hist,1337,random_row,0.5,1244,0.03858520900321544,0.4604975311702333,11.934561016161878,0.9499895484949833,0.0312729060616531,0.14409167426446853,0.029691538005014735,0.5614035087719298,0.1532258242368698,0.375,0.9626192450523376,0.7916666666666666,0.02048526145517826,0.8958333333333334,0.002867872826755047,0.5853658536585366,0.31007751937984496,0.3548683919048105,0.6208339878773532,57
gru,rf_mob_hist,1337,random_row,1.0,1244,0.06591639871382636,0.768764078989991,11.662713588579864,0.9579677595399017,0.03268332020175971,0.1592067173984902,0.03392388474372444,0.7132867132867133,0.709074854850769,0.6219512195121951,0.709074854850769,0.7682926829268293,0.04798904061317444,0.8780487804878049,0.003541661659255624,0.8518518518518519,0.46808510638297873,0.7063381661733358,0.832668414142505,57
gru,rf_mob_hist,1337,random_row,2.0,1236,0.12702265372168284,0.8055272504401355,6.341603067159284,0.9598590343736534,0.056896015801868545,0.23313052692828706,0.051071203818536,0.7425474254742547,0.12718431651592255,0.4968152866242038,0.9608932733535767,0.7579617834394905,0.4985400140285492,0.9044585987261147,0.04124907776713371,0.851063829787234,0.6580310880829016,0.7577079333027756,0.858288191844744,57
gru,rf_mob_hist,1337,random_row,3.0,1234,0.17260940032414912,0.8654677838122046,5.0140246254660115,0.9617331806707039,0.06351932953767567,0.2532044853785282,0.05381505336062126,0.7982261640798225,0.5568966269493103,0.5070422535211268,0.9883500337600708,0.812206572769953,0.6984202265739441,0.9014084507042254,0.20782944560050964,0.9304347826086956,0.7772727272727272,0.8340210467357136,0.8948751424633022,57
gru,rf_mob_hist,1337,random_row,5.0,1224,0.2581699346405229,0.914542263382146,3.542404210062489,0.9631614899905202,0.07251088434506808,0.28339120971088066,0.05751434262433249,0.8465116279069769,0.7190355062484741,0.560126582278481,0.9947910308837891,0.8006329113924051,0.8528338670730591,0.9082278481012658,0.3545463979244232,0.9644970414201184,0.8518518518518519,0.8897137746685552,0.9362679311204022,57
tcn,rf_mob_hist,1337,random_row,0.5,1244,0.03858520900321544,0.47500548117974895,12.310558720575159,0.9194711538461539,0.031122622217496218,0.14837048713189765,0.028555814719154998,0.5614035087719298,0.12979756295681,0.3541666666666667,0.9316365122795105,0.6875,0.049333877861499786,0.7916666666666666,0.006099911872297525,0.5434782608695652,0.23214285714285715,0.3360446388451837,0.6200089830722181,57
tcn,rf_mob_hist,1337,random_row,1.0,1244,0.06591639871382636,0.691061364316053,10.483906551331343,0.9252760169598254,0.03681489830877691,0.18445994734252089,0.03458326516147171,0.6533333333333333,0.37098613381385803,0.524390243902439,0.682276725769043,0.6341463414634146,0.08618331700563431,0.7804878048780488,0.00953088141977787,0.8367346938775511,0.34554973821989526,0.6016984249422189,0.7792782315953649,57
tcn,rf_mob_hist,1337,random_row,2.0,1236,0.12702265372168284,0.6538369063932541,5.147403925490842,0.8894883797807595,0.0847142341999561,0.3410021931895602,0.06784749724553735,0.5804597701149425,0.2454870343208313,0.3503184713375796,0.953560471534729,0.5159235668789809,0.5918065905570984,0.6496815286624203,0.22113960981369019,0.626984126984127,0.36950146627565983,0.572791909358603,0.7179807407671416,57
tcn,rf_mob_hist,1337,random_row,3.0,1234,0.17260940032414912,0.6442611585745868,3.7324801393476057,0.864608480133166,0.12086287302943749,0.4458785985357418,0.09869564081533186,0.588785046728972,0.6351479887962341,0.26291079812206575,0.9901052117347717,0.43661971830985913,0.8437345623970032,0.6056338028169014,0.5840270519256592,0.6298342541436464,0.4379746835443038,0.5704172972871637,0.7018657406103119,57
tcn,rf_mob_hist,1337,random_row,5.0,1224,0.2581699346405229,0.6992226319430686,2.7083813338554297,0.8543537054592093,0.15532596204662164,0.5214407916270418,0.11942519131154611,0.6494252873563218,0.5007308125495911,0.2120253164556962,0.993048906326294,0.4240506329113924,0.9244363307952881,0.5727848101265823,0.7968488335609436,0.7085201793721974,0.4866920152091255,0.6348390472800779,0.7490460833378446,57
transformer,rf_mob_hist,1337,random_row,0.5,1244,0.03858520900321544,0.5278581316003103,13.680323243974707,0.940060618729097,0.03184007313821029,0.14285694639890073,0.030564586075350272,0.5979381443298969,0.8449434041976929,0.375,0.9728514552116394,0.75,0.1055181622505188,0.8541666666666666,0.003952265717089176,0.6,0.33620689655172414,0.3803806831795762,0.6886637349161316,57
transformer,rf_mob_hist,1337,random_row,1.0,1244,0.06591639871382636,0.7193146621279018,10.912529752281829,0.9260946223920071,0.04042530289654964,0.20092671002288598,0.037749061278725654,0.6617647058823529,0.9672664999961853,0.5487804878048781,0.9672664999961853,0.7073170731707317,0.10989423096179962,0.8170731707317073,0.009577651508152485,0.8775510204081632,0.40606060606060607,0.6264169295800165,0.7968839073177061,57
transformer,rf_mob_hist,1337,random_row,2.0,1236,0.12702265372168284,0.6758985356344553,5.321086560791,0.9054326074508716,0.08293526048358137,0.37462867750928486,0.07668745005933172,0.6319444444444444,0.7797128558158875,0.3375796178343949,0.9909543395042419,0.5987261146496815,0.7155860066413879,0.7197452229299363,0.25464051961898804,0.7314814814814815,0.37388724035608306,0.6015728840890668,0.7542592673893899,57
transformer,rf_mob_hist,1337,random_row,3.0,1234,0.17260940032414912,0.7083107551936999,4.1035468164742985,0.9025074377049104,0.111179302067126,0.43361293912040416,0.10038595477626541,0.6426858513189447,0.7522196769714355,0.3333333333333333,0.9917997717857361,0.5727699530516432,0.894888699054718,0.6666666666666666,0.5643894672393799,0.7535211267605634,0.4956521739130435,0.6506639785186682,0.7667263865272261,57
transformer,rf_mob_hist,1337,random_row,5.0,1224,0.2581699346405229,0.7786796652486037,3.016151614760414,0.9052584620531979,0.1255921304117456,0.4502449421691573,0.08408953578765294,0.7174887892376681,0.5940113067626953,0.2911392405063291,0.995272696018219,0.5443037974683544,0.950566291809082,0.6772151898734177,0.7537186741828918,0.8404255319148937,0.6487179487179487,0.7357737391283662,0.8193610777768315,57
