model,condition,regime,feature_set,variant,horizon_s,n,positive_rate,auprc,auprc_lift,auroc,brier,nll,ece,f1_best,f1_best_threshold,recall_at_fpr0.01,threshold_at_fpr0.01,recall_at_fpr0.05,threshold_at_fpr0.05,recall_at_fpr0.1,threshold_at_fpr0.1,precision_at_recall0.5,precision_at_recall0.8,auprc_point,auprc_ci_low,auprc_ci_high,auprc_n_groups,auprc_n_boot,auprc_bootstrap_se
lgbm,random_row,topology_agnostic,rf_mob_hist_qoe,base,1.0,8042,0.027853767719472768,0.3686849546415147,13.23644823762081,0.943307340203925,0.023395679916844568,0.10135333395901168,0.017780778366109088,0.420824295010846,0.227214749785438,0.2857142857142857,0.4972523888961798,0.6071428571428571,0.040691149730582375,0.8125,0.007500646399373744,0.3404255319148936,0.19189765458422176,0.3686849546415147,0.2958569363681874,0.43678347815907537,84,300,0.03538389268698294
lgbm,random_row,topology_agnostic,rf_mob_hist_qoe,base,2.0,8030,0.05865504358655044,0.5876060596542431,10.017997152916289,0.9549733181772603,0.03938168372093305,0.13801859202870245,0.02733359896961054,0.5569871159563924,0.3218841084537485,0.3524416135881104,0.8122015741316724,0.6645435244161358,0.19395007393815328,0.8492569002123143,0.04159712074745218,0.5620608899297423,0.3960084033613445,0.5876060596542431,0.5385685105224207,0.6281152241695572,84,300,0.02320429309218845
lgbm,random_row,topology_agnostic,rf_mob_hist_qoe,base,3.0,8012,0.08986520219670495,0.7198629950199571,8.010475439027633,0.9597612680563173,0.047373279039746634,0.1598349443498524,0.02831283191327969,0.6597051597051597,0.3455412022652995,0.40694444444444444,0.8827428164002593,0.7402777777777778,0.3571260467853493,0.8944444444444445,0.0908682466774443,0.7157057654075547,0.5376044568245125,0.7198629950199571,0.6849010988283599,0.7539705185870383,84,300,0.018605049254966484
lgbm,random_row,topology_agnostic,rf_mob_hist_qoe,base,5.0,7988,0.14947421131697547,0.8426523234256698,5.637442847172738,0.9666599112725831,0.05450786021683122,0.18063235314884674,0.02993087528493938,0.76105476673428,0.5075069879442934,0.47571189279731996,0.930186857385283,0.7864321608040201,0.504392955188368,0.9036850921273032,0.1918009992273298,0.8940298507462686,0.7206325301204819,0.8426523234256698,0.8210291141595587,0.8616994210507839,84,300,0.010763727133127073
gru,random_row,topology_agnostic,rf_mob_hist_qoe,base,1.0,8042,0.027853767719472768,0.5934000946813974,21.304123042088385,0.978660737126777,0.028567826991643928,0.10456398682609666,0.029235268946710746,0.5760368663594471,0.9363108277320862,0.5178571428571429,0.9449390172958374,0.8839285714285714,0.04616090655326843,0.9776785714285714,0.0004929326241835952,0.5979381443298969,0.38876889848812096,0.5934000946813974,0.5230141259163659,0.6654497432350982,84,300,0.037907853873387576
gru,random_row,topology_agnostic,rf_mob_hist_qoe,base,2.0,8030,0.05865504358655044,0.8058114812134111,13.738144785867709,0.984882407018082,0.030848500997542064,0.12357237363284383,0.029444794129258815,0.754,0.8850699663162231,0.6305732484076433,0.973535418510437,0.9384288747346072,0.12172450125217438,0.9830148619957537,0.000702677178196609,0.8350877192982457,0.7126654064272212,0.8058114812134111,0.7658933280911464,0.8397600079802471,84,300,0.020685468548471853
gru,random_row,topology_agnostic,rf_mob_hist_qoe,base,3.0,8012,0.08986520219670495,0.8976466075344469,9.988811971619429,0.9879635978545743,0.031879011786714054,0.1261991948078763,0.030267339287556327,0.828042328042328,0.8245823979377747,0.6847222222222222,0.9802893996238708,0.9555555555555556,0.20215392112731934,0.9916666666666667,0.009710966609418392,0.9328165374677002,0.8384279475982532,0.8976466075344469,0.878107884219222,0.9137060247880736,84,300,0.009691867296014959
gru,random_row,topology_agnostic,rf_mob_hist_qoe,base,5.0,7988,0.14947421131697547,0.9435087595949697,6.312184230858139,0.9875705063439068,0.03978562832538522,0.1436864833486047,0.03999377565599618,0.8710068742418114,0.793035626411438,0.7721943048576214,0.9633943438529968,0.9422110552763819,0.5270034670829773,0.9731993299832495,0.08505411446094513,0.9855305466237942,0.9148325358851674,0.9435087595949697,0.9310353557284989,0.9562284610433496,84,300,0.0066199738646058074
lgbm,grouped_drive,topology_agnostic,rf_mob_hist_qoe,base,1.0,9106,0.031078409839666154,0.36207058074738235,11.65022865118609,0.9427347973033859,0.02737701640873498,0.11736022116007334,0.022848171836149036,0.39506172839506176,0.05420854750659926,0.26855123674911663,0.5648171532089447,0.6007067137809188,0.03709660086398941,0.7915194346289752,0.006705916700280792,0.30885529157667385,0.2019400352733686,0.36207058074738235,0.3241381994842149,0.4109055425212124,14,300,0.024342628207661823
lgbm,grouped_drive,topology_agnostic,rf_mob_hist_qoe,base,2.0,9092,0.06225252969643643,0.566508601675116,9.100169976025008,0.9482845654406515,0.043453179789935036,0.16377710063857806,0.03222953142500383,0.5450381679389312,0.21934855039050283,0.32332155477031804,0.8460027629931391,0.6484098939929329,0.18391756694803502,0.8321554770318021,0.03504180924017258,0.5555555555555556,0.3734542456718879,0.566508601675116,0.522539189624119,0.6277332093049447,14,300,0.02771088313493381
lgbm,grouped_drive,topology_agnostic,rf_mob_hist_qoe,base,3.0,9079,0.09318206850974776,0.6720594651979169,7.212326104647622,0.9509744127809465,0.053635547074713956,0.19608015042717378,0.036569562762234685,0.6333514394350898,0.353996214712578,0.3475177304964539,0.9250244803398455,0.6867612293144209,0.35748306078219333,0.8238770685579196,0.08559942939112748,0.6991735537190082,0.4899135446685879,0.6720594651979169,0.6393501316425146,0.7147612541976174,14,300,0.01842369691010598
lgbm,grouped_drive,topology_agnostic,rf_mob_hist_qoe,base,5.0,9052,0.1541095890410959,0.7991313548370723,5.185474569165002,0.9543567555725941,0.06630586587239985,0.23070614703653136,0.04450611106643144,0.7156698964249916,0.37361111092273264,0.4,0.9554027407536664,0.7046594982078853,0.5461373364638197,0.8401433691756273,0.1913429188243399,0.850546780072904,0.636986301369863,0.7991313548370723,0.783450122890851,0.8174773127076078,14,300,0.008452528566633047
gru,grouped_drive,topology_agnostic,rf_mob_hist_qoe,base,1.0,9106,0.031078409839666154,0.35899890366182785,11.551392285316624,0.9463905172355099,0.0716560869857244,0.2072577474315378,0.09328025101869636,0.4138929088277858,0.8524354696273804,0.23674911660777384,0.9343206286430359,0.6289752650176679,0.765699565410614,0.8268551236749117,0.5455925464630127,0.35049019607843135,0.2203883495145631,0.35899890366182785,0.3332147396115696,0.4059576947346579,14,300,0.01943857973641087
gru,grouped_drive,topology_agnostic,rf_mob_hist_qoe,base,2.0,9092,0.06225252969643643,0.5525921956451443,8.876622337112458,0.9496447781013222,0.08441365123636098,0.2528255710759795,0.0979773499442051,0.5447530864197531,0.8503438234329224,0.28091872791519434,0.9605414271354675,0.6484098939929329,0.8336121439933777,0.8392226148409894,0.6284200549125671,0.539047619047619,0.3752066115702479,0.5525921956451443,0.5207318197565535,0.5880291157154786,14,300,0.017986266926869193
gru,grouped_drive,topology_agnostic,rf_mob_hist_qoe,base,3.0,9079,0.09318206850974776,0.6645142171210785,7.131352928182355,0.9515798583742587,0.08423688206343448,0.2551812871175098,0.0916004164753814,0.6262312078797305,0.7805700302124023,0.30141843971631205,0.9631388187408447,0.6595744680851063,0.815420925617218,0.8522458628841607,0.6259729266166687,0.6677165354330709,0.4963343108504399,0.6645142171210785,0.6393103959942468,0.690321110499858,14,300,0.013169371214527395
gru,grouped_drive,topology_agnostic,rf_mob_hist_qoe,base,5.0,9052,0.1541095890410959,0.7826259532042613,5.0783728519032065,0.9518536462290228,0.09021616617338443,0.2808039923738297,0.09569295865805717,0.7196597971867845,0.7331746816635132,0.3763440860215054,0.9645945429801941,0.6874551971326165,0.8275967240333557,0.8465949820788531,0.6465524435043335,0.8168028004667445,0.6443418013856813,0.7826259532042613,0.7638354713566317,0.8028448455309753,14,300,0.010489953677424715
